Abbot's Speed,0,0,2
Abbots Fell,0,0,2
Abbots Trace,0,0,2
Abdos,0,0,18
Abernant,1,0,4
Abjer,0,0,17
Able Seaman,0,0,27
Accipiter,0,0,17
Acclamation,0,0,26
Achtoi,0,0,2
Acropolis,0,0,44
Actor,0,0,17
Adam,0,0,2
Adlerflug,0,0,26
Admiral Drake,4,0,2
Admiral's Voyage,0,0,17
Admiral's Walk,0,0,27
Advocate,0,0,36
Aethelstan,0,0,17
Aferd,0,0,53
Affirmed,0,0,54
African Sky,0,0,4
African Song,0,0,4
Aggressor,0,0,39
Agricola,0,0,50
Airborne,0,0,50
Ajax,0,0,2
Akarad,0,0,44
Al Hattab,0,0,44
Al Mufti,0,0,46
Al Nasr,0,0,26
Alcantara,0,0,2
Alchimist,0,0,29
Alizier,4,0,45
Alquest,0,0,30
Alsab,0,0,30
Always Run Lucky,0,0,47
Alycidon,4,0,44
Alysheba,0,0,54
Amarullah,0,0,20
Ambehaving,0,0,18
Ambiopoise,0,0,18
Ambiorix,0,0,18
American Flag,0,0,51
Amfortas,0,0,45
Amphion,0,0,2
Anabaa,0,0,26
Apalachee,0,0,40
Apelle,0,0,2
Apron,0,0,10
Arbar,0,0,18
Arch,0,0,46
Arco,0,0,29
Arctic Prince,0,0,43
Arctic Tern,0,0,23
Ardan,0,0,34
Areion,0,0,47
Argosy,0,0,54
Argument,0,0,17
Ariel,0,0,2
Aristophanes,0,0,27
Arjaman,0,0,29
Armageddon,0,0,30
Armistice,0,0,59
Armos,0,0,52
Artichoke,0,0,47
Artist's Proof,0,0,29
Aspros,0,0,34
Assert,0,0,26
Asterus,0,0,17
Atlas,0,0,27
Atout Maitre,0,0,14
Atys,0,0,17
Auction Ring,0,0,47
Aureole,10,3,5
Auriban,0,0,34
Authi,0,0,5
Avenue of Flags,0,0,47
Averof,0,0,4
Awesome Again,0,0,26
Ayrshire,0,0,29
Bacchus,0,0,22
Bachelor's Double,0,0,2
Bacteriophage,0,0,45
Badruddin,0,0,39
Bagdad,0,0,30
Baguette,0,0,20
Bahram,3,0,39
Bahri,0,0,25
Bald Eagle,0,0,20
Baldski,0,0,26
Balidar,0,0,4
Balladier,0,0,30
Ballot,0,0,2
Ballydonnell,0,0,36
Ballyferis,0,0,10
Ballymoss,4,0,52
Ballyogan,0,0,36
Banker's Gold,0,0,54
Bar Le Duc,0,0,27
Barachois,0,0,26
Barbizon,0,0,33
Battle Joined,0,0,30
Battlefield,0,0,51
Bay Express,0,0,56
Bay Ronald,0,0,29
Bayardo,0,0,29
Baybrook,0,0,30
Baytown,0,0,2
Be Friendly,0,0,2
Beau Gar,0,0,2
Beau Genius,0,0,47
Beau Max,0,0,17
Beau Pere,0,0,10
Beau Sabreur,0,0,27
Beau Son,0,0,10
Beauquillo,0,0,40
Bel Bolide,0,0,47
Bel Canto,0,0,10
Beldale Flutter,0,0,17
Belfonds,0,0,45
Bellacose,0,0,2
Bellini,0,0,14
Bellotto,0,0,54
Belong to Me,0,0,26
Ben Brush,0,0,2
Benny the Dip,0,0,46
Beppo,0,0,50
Bering,0,0,23
Bernstein,0,0,26
Bertolini,0,0,26
Best Turn,0,0,57
Better Bee,0,0,2
Better Boy,0,0,49
Better Self,0,0,30
Big Burn,0,0,25
Big Game,2,0,39
Big Shuffle,0,0,47
Big Spruce,0,0,10
Bigstone,0,0,26
Bikala,0,0,13
Bimelech,0,0,30
Birdstone,0,0,54
Biribi,0,0,14
Birikil,0,0,14
Birkhahn,0,0,29
Black Devil,0,0,17
Black Servant,0,0,30
Black Toney,0,0,30
Blakeney,0,0,18
Blandford,3,0,39
Blenheim,4,0,44
Blockhaus,0,0,56
Blood Royal,0,0,53
Blue Larkspur,3,0,30
Blue Peter,0,0,35
Blue Prince,0,0,40
Blue Swords,0,0,30
Blue Tom,0,0,19
Bluebird,0,0,26
Bobsleigh,0,0,29
Bois Roussel,6,4,48
Bold Bidder,0,0,47
Bold Commander,0,0,47
Bold Forbes,0,0,47
Bold Hour,0,0,47
Bold Irishman,0,0,17
Bold Lad,0,0,47
Bold Native,0,0,54
Bold Reason,0,0,46
Bold Reasoning,0,0,47
Bold ruckus,0,0,47
Boldnesian,0,0,47
Bolero,0,0,2
Bon Homme,0,0,2
Boojum,0,0,2
Borealis,0,0,17
Bosworth,0,0,10
Botticelli,0,0,35
Boundary,0,0,26
Bozzetto,0,0,32
Brantome,3,0,38
Bridaine,0,0,29
Bridge of Earn,0,0,2
British Empire,0,0,33
Bronze Babu,0,0,49
Broomstick,0,0,2
Brown Bud,0,0,29
Bruleur,0,0,45
Brumeux,0,0,17
Bubbles,0,0,2
Bubbling Over,0,0,2
Buchan,0,0,2
Buckaroo,0,0,19
Buckfinder,0,0,19
Buisson Ardent,0,0,56
Bull Brier,0,0,17
Bull Dog,1,0,17
Bull Lea,6,4,17
Bunting,0,0,30
Bunty Lawless,0,0,50
Bunty's Flight,0,0,50
Bupers,0,0,30
By Jimminy,0,0,33
Cadeaux Genereux,0,0,4
Cadmus,0,0,50
Cadum,0,0,2
Caerleon,0,0,33
Call the Witness,0,0,30
Cambremont,0,0,41
Camden Park,0,0,47
Cameronian,0,0,32
Candy Spots,0,0,2
Captain Cuttle,0,0,50
Captain's Gig,0,0,57
Captivation,0,0,2
Caran d'Ache,0,0,50
Carbine,0,0,2
Carrier Pigeon,0,0,30
Carry Back,0,0,30
Carson City,0,0,54
Caruso,0,0,2
Carvin,0,0,59
Case Ace,0,0,17
Casterari,0,0,2
Caucasus,0,0,26
Cavaliere d'Arpino,0,0,14
Cavan,0,0,52
Caveat,0,0,47
Cawston's Clown,0,0,19
Challedon,0,0,12
Challenger,0,0,12
Chamossaire,0,0,50
Chanteur,0,0,2
Chaparral,0,0,38
Charles O'Malley,0,0,14
Charlottesville,0,0,43
Chateau Bouscaut,4,0,2
Chaucer,0,0,14
Cherokee Run,0,0,55
Chesterfield,0,0,2
Chicle,0,0,2
Chieftain,0,0,47
Chop Chop,0,0,17
Cicero,0,0,2
Cientifico,0,0,44
Cipol,0,0,35
Circle Home,0,0,47
Clandestine,0,0,30
Clarion,0,0,7
Clarissimus,0,0,2
Claro,0,0,33
Classic Go Go,0,0,35
Clever Trick,0,0,21
Clustine,0,0,50
Coaraze,0,0,18
Coastal,0,0,54
Cockrullah,0,0,20
Codex,0,0,53
Cohoes,0,0,44
Cold Reception,0,0,47
Collar,0,0,14
Colombo,0,0,33
Colorado,0,0,33
Combat,0,0,39
Comedy Star,0,0,19
Common Grounds,0,0,3
Con Brio,0,0,53
Condorcet,0,0,7
Connaught,0,0,5
Conquistador Cielo,0,0,54
Consols,0,0,14
Cool Moon,0,0,21
Copelan,0,0,19
Cormorant,0,0,53
Cornish Prince,0,0,47
Coronach,0,0,50
Corporal,0,0,36
Correlation,0,0,44
Cosmic Bomb,0,0,33
Cougar,0,0,48
Count Fleet,3,0,2
Count Gallahad,0,0,17
Count of Honor,0,0,2
Counterpoint,0,0,2
Coup de Lyon,0,0,10
Court Harwell,0,0,43
Cover Up,0,0,27
Cox's Ridge,0,0,57
Crafty Admiral,2,0,17
Crafty Prospector,0,0,54
Craig an Eran,0,0,2
Cranach,0,0,50
Creme Dela Creme,4,0,27
Crown Jester,0,0,20
Crozier,0,0,49
Cryptoclearance,0,0,54
Cure the Blues,0,0,46
Current Concept,0,0,20
Cutlass,0,0,17
Cyane,0,0,57
Cyllene,0,0,2
D'Accord,0,0,47
Dan Cupid,0,0,23
Dance Spell,0,0,26
Dancing Count,0,0,26
Danehill Dancer,0,0,26
Dansili,0,0,26
Danzig Connection,0,0,26
Dare and Go,0,0,54
Darius,0,0,16
Dark Legend,0,0,29
Dark Ronald,0,0,29
Dark Star,0,0,29
Darling Boy,0,0,16
Daryl's Joy,0,0,27
Dashing Blade,0,0,25
Dastur,0,0,29
Dedicate,0,0,40
Deil,0,0,2
Deiri,0,0,17
Delirium,0,0,2
Delta Judge,0,0,27
Derring-Do,2,0,16
Desert Style,0,0,26
Desert Wine,0,0,17
Desmond,0,0,14
Determine,0,0,27
Deux Pour Cent,0,0,17
Dewan,0,0,47
Dike,0,0,10
Diophon,0,0,2
Diplomat Way,0,0,20
Dis Donc,0,0,2
Discovery,4,0,50
Display,0,0,50
Distinctive,0,0,25
Distorted humor,0,0,54
Dixieland Band,0,0,26
Djakao,0,0,17
Djebe,0,0,18
Djebel,2,0,18
Djeddah,0,0,18
Dogger Bank,0,0,35
Dogpatch,0,0,17
Dominion,0,0,16
Donatello,4,0,44
Donovan,0,0,2
Donut King,0,0,27
Dorileo,0,0,27
Double Jay,1,0,30
Double Jump,0,0,39
Doutelle,0,0,43
Doyoun,0,0,25
Draymont,0,0,2
Drone,0,0,9
Dschingis Khan,0,0,39
Dubai Destination,0,0,54
Dumpty Humpty,0,0,27
Dunce,0,0,19
Dyhim Diamond,0,0,26
Dynaformer,0,0,46
Eager,0,0,2
East Side,0,0,29
Easton,0,0,29
Ecliptical,0,0,54
Efisio,0,0,27
Eight Thirty,2,0,2
El Greco,0,0,32
Ela-Mana-Mou,0,0,36
Elegant Air,0,0,25
Elektrant,0,0,39
Elliodor,0,0,26
Elocutionist,0,0,48
Emperor,0,0,18
Endeavour,0,0,33
Ennis,0,0,2
Entente Cordiale,0,0,18
Equestrian,0,0,30
Equipoise,0,0,30
Escamillo,0,0,32
Espresso,0,0,44
Essence of Dubai,0,0,47
Eternal,0,0,2
Ethnarch,0,0,45
Etonian,0,0,4
Exbury,0,0,38
Exceller,0,0,5
Exclusive Native,0,0,54
Explodent,0,0,21
Exuberant,0,0,47
Fabulous Dancer,0,0,26
Fair Copy,0,0,35
Fair Play,0,0,50
Fair Trial,3,0,36
Fairey Fulmar,0,0,36
Fairway,1,0,35
Fairwell,0,0,35
Fairy King,0,0,14
Falkland,0,0,4
Falls of Clyde,0,0,36
Far North,0,0,26
Farasi,0,0,14
Faraway Son,0,0,18
Fariman,0,0,2
Farnesio,0,0,20
Fast Fox,0,0,32
Fastnet,0,0,32
Father John,0,0,51
Faultless,0,0,17
Favorite Trick,0,0,21
Felicio,0,0,41
Felstead,0,0,2
Feridoon,0,0,50
Fighting Fox,0,0,17
Filiberto,0,0,53
Final Straw,0,0,27
Fine Art,0,0,29
Fine Top,0,0,31
Finnegan,0,0,57
Firdaussi,0,0,32
Fire Dancer,0,0,26
Fire Maker,0,0,26
Firestreak,0,0,34
First Fiddle,0,0,45
First Landing,0,0,57
Flag of Truce,0,0,17
Flamboyant,0,0,2
Flamingo,0,0,2
Flares,0,0,17
Fleet Nasrullah,6,0,20
Fly So Free,0,0,17
Flying Fox,0,0,2
Flying Paster,0,0,20
Fomento,0,0,2
Fontenay,0,0,18
Foolish Pleasure,0,0,47
Footstepsinthesand,0,0,26
Forceten,0,0,27
Forest Wildcat,0,0,26
Formor,0,0,45
Fortunate Prospect,0,0,54
Foxglove,0,0,10
Foxhunter,0,0,10
Francis S.,0,0,57
Free America,0,0,44
Free Man,0,0,39
Free for All,0,0,30
French Beige,0,0,48
Friar Marcus,0,0,2
Friar Rock,0,0,2
Full Pocket,0,0,56
Full Sail,0,0,35
Fun Fair,0,0,36
Gainsborough,3,0,29
Gallant Man,9,4,48
Gallant Romeo,0,0,48
Gallinule,0,0,2
Galloper Light,0,0,2
Galopin,0,0,2
Gay Crusader,0,0,29
Geiger Counter,0,0,54
General,0,0,36
General Assembly,0,0,47
General Meeting,0,0,47
Giant's Causeway,0,0,26
Gleaming,0,0,10
Globemaster,0,0,27
Gold Away,0,0,26
Gold Bridge,0,0,2
Gold Meridian,0,0,47
Gold Sovereign,0,0,8
Golden Boss,0,0,2
Golden Cloud,0,0,2
Golden Eagle,0,0,4
Golden Ruler,0,0,4
Goldneyev,0,0,26
Good Goods,0,0,30
Good Manners,0,0,20
Goofalik,0,0,26
Goyama,0,0,18
Grand Lodge,0,0,26
Grand Parade,0,0,2
Grand Slam,0,0,54
Grandmaster,0,0,14
Gratitude,0,0,2
Gray Phantom,0,0,18
Great Above,0,0,30
Great Nephew,0,0,35
Great Sun,0,0,47
Greek Game,0,0,27
Greek Song,0,0,27
Green Forest,0,0,27
Green God,0,0,55
Green Ticket,0,0,27
Green Tune,0,0,26
Grey Dawn,6,0,10
Grey Sovereign,3,1,8
Grindstone,0,0,54
Gris Perle,0,0,45
Groton,0,0,20
Guard's Tie,0,0,45
Guatan,0,0,2
Gulf Stream,0,0,27
Gummo,0,0,20
Gun Shot,0,0,27
Gyr,0,0,23
Hail to All,0,0,46
Hainault,0,0,12
Hairan,0,0,35
Halling,0,0,3
Hampton,0,0,29
Hard Sauce,0,0,34
Hard Tack,0,0,34
Hard Work,0,0,4
Harlan's Holiday,0,0,26
Hastings,0,0,50
Hasty Road,0,0,17
Havresac,0,0,14
He,0,0,2
Heelfly,0,0,12
Helicon,0,0,2
Heliopolis,1,0,27
Hello Gorgeous,0,0,54
Henry the Seventh,0,0,4
Hernando,0,0,26
Hethersett,0,0,18
Hierocles,0,0,17
High Line,0,0,27
High Perch,0,0,44
High Treason,0,0,36
Hill Gail,0,0,17
Hill Prince,0,0,40
Hillary,0,0,6
Hoist the Flag,2,0,53
Hold Your Peace,0,0,40
Hollyrood,0,0,30
Holy Bull,0,0,30
Home Guard,0,0,27
Homeric,0,0,53
Homing,0,0,28
Honest Pleasure,0,0,47
Honeys Alibi,0,0,27
Honeyway,0,0,35
Honour and Glory,0,0,1
Hornbeam,4,0,27
Horus,0,0,2
Hostage,0,0,26
Hua,0,0,2
Hugh Lupus,0,0,18
Hurry On,0,0,50
Iglesia,0,0,26
Illustrious,0,0,40
Impeccable,0,0,27
Imperium,0,0,35
Imposing,0,0,27
In the Wings,0,0,26
Indian Hemp,0,0,20
Indian Ridge,0,0,7
Indus,0,0,2
Intent,0,0,1
Intentionally,0,0,1
Into Mischief,0,0,26
Involvement,0,0,1
Irish Castle,0,0,47
Isfahan,0,0,25
Isinglass,0,0,2
Isopach,0,0,47
Itajara,0,0,41
Jabneh,0,0,30
Jacinto,0,0,47
Jack Atkin,0,0,14
Jack High,0,0,2
Jacopo,0,0,12
Jaipur,0,0,20
Jallad,0,0,55
Jamaico,0,0,41
Jamestown,0,0,29
Jester,0,0,19
Jet Action,0,0,44
Jet Diplomacy,0,0,21
Jet Pilot,0,0,44
Jimmy Reppin,0,0,18
Jock,0,0,17
John P. Grier,0,0,2
John o'Gaunt,0,0,2
Johns Joy,0,0,17
Johnstown,0,0,29
Kai-Sang,0,0,50
Kaiseradler,0,0,17
Kalaglow,0,0,13
Kaldoun,0,0,37
Kantar,0,0,2
Kaoru Star,0,0,27
Kashmir,0,0,4
Kautokeino,0,0,17
Kazan,0,0,41
Kendor,0,0,13
Kentucky Pride,0,0,17
Key to Content,0,0,27
Key to the Kingdom,0,0,47
Khaled,10,5,6
Kilglass,0,0,2
King Cole,0,0,33
King Dorsett,0,0,2
King Salmon,0,0,45
King of the Tudors,0,0,4
King's Bishop,0,0,40
King's Leap,0,0,42
King's Troop,0,0,42
Kings Lake,0,0,26
Kinsman Hope,0,0,17
Kircubbin,0,0,2
Kirkland Lake,0,0,27
Kirtling,0,0,35
Klairon,2,0,7
Knight of the Garter II,0,0,10
Konigsstuhl,3,0,39
Kris,0,0,3
Kronzeuge,0,0,2
Ksar,0,0,45
Kublai Khan,0,0,35
Ky.Colonel,0,0,30
Kythnos,0,0,20
L'Emigrant,0,0,26
La Farina,0,0,2
Labus,0,0,44
Lacaduv,0,0,18
Ladder,0,0,50
Lagunas,4,0,26
Laugh Aloud,0,0,19
Law Society,0,0,53
Le Beau Prince,0,0,18
Le Capucin,0,0,45
Le Fabuleux,4,0,59
Le Haar,0,0,38
Le Lavandou,0,0,18
Le Levanstell,0,0,18
Le Pacha,0,0,14
Le Roi Soleil,0,0,2
Le Volcan,0,0,18
Legend of France,0,0,29
Leroidesanimaux,0,0,55
Levmoss,0,0,18
Liberal Art,0,0,2
Librettist,0,0,26
Lido,0,0,17
Light Brigade,0,0,2
Lillolkid,0,0,2
Liloy,0,0,47
Linamix,0,0,26
Lion Cavern?,0,0,54
Literat,0,0,29
Lithiot,0,0,53
Little Current,0,0,23
Logical,0,0,19
Lombard,0,0,17
Lomond,0,0,14
Lord Avie,0,0,9
Lord Gayle,0,0,9
Lord Gaylord,0,0,9
Lord Of England,0,0,25
Lord at War,0,0,36
Los Santos,0,0,17
Lost Code,0,0,53
Loup Sauvage,0,0,25
Loup Solitaire,0,0,46
Love Wisely,0,0,2
Loved One,0,0,45
Lovely Night,0,0,2
Lt.Stevens,0,0,20
Luciano,0,0,4
Lucky Debonair,0,0,12
Lucky Mel,0,0,27
Lucky Pulpit,0,0,47
Lure,0,0,26
Lycius,0,0,54
Maboul,0,0,2
Mac Diarmida,0,0,30
Macherio,0,0,17
Mad Hatter,0,0,50
Majano,0,0,17
Majestic Light,0,0,54
Major Portion,0,0,36
Majority Blue,0,0,36
Man o'War,4,0,51
Manna,0,0,33
Maravedis,0,0,14
March Past,0,0,36
Marco,0,0,50
Marcovil,0,0,50
Marju,0,0,26
Mark of Esteem,0,0,25
Market Wise,0,0,30
Marlin,0,0,26
Marquetry,0,0,54
Marscay,0,0,27
Marshua's Dancer,0,0,54
Marsyas,0,0,10
Martial,0,0,17
Masetto,0,0,29
Massine,0,0,14
Master Derby,0,0,47
Masterclass,0,0,26
Masthead,0,0,35
Mat de Cocagne,0,0,14
Match,0,0,17
Matrice,0,0,35
Matsadoon,0,0,17
Mazag,0,0,54
Mazarin,0,0,14
Meadowlake,0,0,40
Medicean,0,0,54
Mehrali,0,0,44
Menetrier,0,0,35
Menow,0,0,33
Michelangelo,0,0,2
Mid-day Sun,0,0,29
Midsummer Night,0,0,18
Mieuxce,4,0,14
Migoli,0,0,48
Miller's Mate,0,0,25
Milton,0,0,50
Mineshaft,0,0,47
Minnesota Mac,0,0,30
Minor Portion,0,0,36
Minoru,0,0,2
Mirza,0,0,44
Mistral,0,0,2
Misty Day,0,0,20
Mo Exception,0,0,4
Molvedo,0,0,53
Mon Talisman,0,0,2
Monteverdi,0,0,26
Montparnasse,0,0,27
Morning Bob,0,0,55
Moslem Chief,0,0,27
Moss Trooper,0,0,18
Mossborough,3,0,52
Motivator,0,0,26
Moulton,0,0,34
Mount Athos,0,0,35
Mount Hagen,0,0,47
Mountain Cat,0,0,26
Mourne,0,0,38
Mousson,0,0,14
Mr.Busher,0,0,51
Mr.Greeley,0,0,54
Mr.Jinks,0,0,45
Mr.Leader,0,0,46
Mr.Music,0,0,30
Mr.Trouble,0,0,44
Mt.Hope,0,0,20
Mummy's Pet,0,0,4
Mustang,0,0,14
My Babu,2,0,49
My Host,0,0,27
My Swanee,0,0,36
Naevus,0,0,54
Nantallah,0,0,20
Narrator,0,0,22
Naskra,0,0,20
Nasomo,0,0,20
Nasram,0,0,20
Nasrullah,10,1,20
Native Charger,0,0,23
Native Royalty,0,0,54
Navarro,0,0,2
Nearctic,2,0,21
Nearula,0,0,20
Nebbiolo,0,0,55
Nebos,0,0,37
Neckar,0,0,2
Neil Gow,0,0,50
Neptune,0,0,17
Nervous Energy,0,0,17
Never Bend,5,2,25
Never Say Die,10,2,24
New Prospect,0,0,25
New Providence,0,0,17
Niccolo Dell'Arca,0,0,50
Nice Day,0,0,29
Night Invader,0,0,40
Night Shift,0,0,26
Nigromante,0,0,2
Nilo,0,0,22
Niniski,0,0,26
Nirgal,0,0,18
No Mercy,0,0,37
No Robbery,0,0,6
Noble Star,0,0,14
Nodouble,0,0,27
Noholme,0,0,27
Nonparrell,0,0,53
Noor,0,0,20
Nordico,0,0,26
Norfolk,0,0,29
Norman,0,0,39
Norseman,0,0,39
North Star,0,0,2
Northern Baby,0,0,26
Northern Jove,0,0,26
Northern Park,0,0,26
Northfields,0,0,26
Not for Love,0,0,54
Nothing Venture,0,0,14
Noverre,0,0,55
Nuccio,0,0,14
O'Grady,0,0,56
Occupy,0,0,17
Ocean Swell,0,0,35
Ogden,0,0,50
Oil Capitol,0,0,44
Old Trieste,0,0,47
Olden Times,0,0,56
Ole Bob Bowers,0,0,40
Oleander,0,0,29
Olymp,0,0,29
Olympia,1,0,27
Omaha,0,0,17
On Watch,0,0,30
On Your Mark,0,0,44
On-and-On,0,0,20
Opott,0,0,2
Orator,0,0,2
Orby,0,0,2
Orme,0,0,2
Orpen,0,0,26
Orsenigo,0,0,29
Orsini,0,0,2
Ortello,0,0,17
Orthodox,0,0,27
Orvieto,0,0,17
Orwell,0,0,29
Osiris,0,0,2
Our Emblem,0,0,54
Out of Place,0,0,57
Outing Class,0,0,20
Owen Anthony,0,0,39
Owen Tudor,3,0,4
Paco Boy,0,0,26
Pago Pago,0,0,35
Palestine,2,0,36
Palestinian,0,0,17
Pall Mall,0,0,36
Pampapaul,0,0,55
Pampered King,0,0,43
Pan,0,0,17
Pan Dancer,0,0,23
Panipat,0,0,32
Panorama,1,0,2
Pantheon,0,0,17
Papanatas,0,0,2
Pappa Fourway,0,0,43
Pappageno,0,0,43
Papyrus,0,0,2
Pardal,0,0,34
Pardao,0,0,34
Paris Review,0,0,27
Pass the Glass,0,0,19
Pastiche,0,0,2
Pavot,0,0,17
Peace Chance,0,0,50
Penny Post,0,0,2
Pensive,0,0,27
Pentathlon,0,0,2
Percentage,0,0,2
Persian Gulf,5,0,39
Petare,0,0,10
Peter Hastings,0,0,30
Peter Pan,0,0,30
Petition,3,0,36
Phalaris,0,0,33
Pharamond,0,0,33
Pharis,1,0,34
Pharly,0,0,26
Pharos,0,0,32
Pherozshah,0,0,32
Phideas,0,0,32
Pia Star,4,0,27
Pilate,0,0,2
Pinceau,0,0,2
Pink Flower,0,0,29
Pinza,0,0,2
Pioneerof the Nile,0,0,54
Pippermint,0,0,2
Pirate King,0,0,43
Pistolet Bleu,0,0,16
Pivotal,0,0,26
Plassy,0,0,10
Poker,0,0,40
Polemarch,0,0,45
Polish Numbers,0,0,26
Polish Precedent,0,0,26
Polymelian,0,0,2
Polymelus,0,0,2
Polynesian,0,0,33
Pommern,0,0,2
Pompey,0,0,2
Ponche,0,0,54
Ponder,0,0,27
Pontifex,0,0,20
Porterhouse,0,0,33
Portlaw,0,0,2
Postin,0,0,50
Pot au Feu,0,0,45
Precipitation,4,0,50
Preciptic,0,0,50
Premonition,0,0,50
Presidium,0,0,47
Prestige,0,0,2
Pretense,0,0,33
Priamos,0,0,29
Primo Dominie,0,0,16
Prince Bio,6,4,41
Prince Blessed,0,0,40
Prince Chevalier,4,0,43
Prince Chimay,0,0,14
Prince Ippi,0,0,29
Prince John,3,0,40
Prince Palatine,0,0,14
Prince Regent,0,0,4
Prince Rose,3,0,43
Prince Taj,0,0,41
Prince Tenderfoot,0,0,40
Princely Gift,7,1,42
Princely Native,0,0,54
Princequillo,5,4,40
Private Terms,0,0,17
Procida,0,0,54
Prominer,0,0,27
Promised Land,0,0,17
Pronto,0,0,18
Propicio,0,0,27
Proud Birdie,0,0,46
Proud Chieftain,0,0,39
Proudest Roman,0,0,25
Prove Out,0,0,53
Prunus,0,0,29
Pulpit,3,0,47
Pursuit of Love,0,0,55
Pyjama Hunt,0,0,16
Pylon,0,0,32
Quadrangle,0,0,44
Queen City Lad,0,0,56
Queen's Hussar,0,0,36
Questionnaire,0,0,30
Quibu,0,0,35
Quiet American,0,0,54
Quiet Fling,0,0,26
Rabelais,0,0,14
Radium,0,0,2
Ragusa,0,0,53
Rainbow Corner,0,0,55
Raise a Cup,0,0,54
Raise a Native,2,0,54
Raja Baba,5,2,47
Rambunctious,0,0,4
Rasper,0,0,4
Rattle Dancer,0,0,23
Re-Echo,0,0,50
Reaping Reward,0,0,33
Red God,10,1,55
Red Jester,0,0,27
Red Mars,0,0,27
Red Regent,0,0,4
Red Sunset,0,0,55
Reflected Glory,0,0,19
Reform,0,0,36
Regal Diamond,0,0,39
Reigh Count,0,0,2
Relic,4,0,56
Relkino,0,0,17
Relko,4,0,17
Reneged,0,0,30
Requested,0,0,30
Requiebro,0,0,50
Restless Native,0,0,23
Restless Wind,0,0,44
Reviewer,0,0,47
Revoked,0,0,30
Rialto,0,0,14
Ribot,10,3,53
Ribots Holiday,0,0,53
Richer,0,0,58
Ridan,0,0,20
Ride the Rails,0,0,54
Right Boy,0,0,27
Right Royal,4,0,4
Right Tack,0,0,34
Risen Star,0,0,47
Riva Ridge,0,0,57
Road at Sea,0,0,20
Roan Rocket,0,0,56
Roanoke,0,0,53
Robert Le Diable,0,0,29
Rock Flint,0,0,2
Rock Sand,0,0,2
Rockefella,3,0,58
Rocky Royale,0,0,58
Roi Dagobert,0,0,41
Roi Herode,0,0,45
Roman,3,0,17
Roman Line,0,0,17
Rorys Jester,0,0,20
Rose Prince,0,0,14
Rosemont,0,0,2
Rossini,0,0,54
Rouge Sang,0,0,47
Rough'n Tumble,3,0,30
Royal Charger,2,0,57
Royal Coinage,0,0,2
Royal Gem,0,0,29
Royal Minstrel,0,0,45
Royal Note,0,0,30
Royal Union,0,0,40
Rubiano,0,0,54
Runaway Groom,0,0,55
Rustom Pasha,0,0,10
Sadair,0,0,10
Sailor,0,0,2
Sain,0,0,14
Sainfoin,0,0,2
Saint Ballado,0,0,46
Saint Cyrien,0,0,7
Saint Just,0,0,14
Sallust,0,0,36
Sallymount,0,0,4
Salmon-Trout,0,0,45
Salt Lake,0,0,26
Salt Marsh,0,0,53
Samos,0,0,50
Sanctus,10,2,31
Sandhurst Prince,0,0,55
Sanglamore,0,0,3
Sans Souci,0,0,2
Sansovino,0,0,12
Santa Claus,0,0,50
Saratoga Six,0,0,54
Sardanapale,0,0,2
Saritamer,0,0,23
Satiety,0,0,2
Sauce Boat,0,0,53
Sayajirao,0,0,22
Schiavoni,0,0,12
Scratch,0,0,34
Sea O Erin,0,0,39
Sea-Bird,4,0,23
Seaneen,0,0,57
Search Tradition,0,0,20
Seductor,0,0,35
Selkirk,0,0,3
Sette Bello,0,0,53
Seven Corners,0,0,17
Sham,0,0,33
Shantung,0,0,41
Shecky Greene,0,0,27
Shergar,0,0,35
Sheshoon,0,0,50
Shoemaker,0,0,5
Shut Out,0,0,30
Sicambre,10,3,41
Sickle,0,0,33
Sideral,0,0,35
Signal Light,0,0,32
Silent Screen,0,0,40
Silly Season,0,0,19
Silnet,0,0,32
Silver Deputy,0,0,26
Silver Horde,0,0,17
Silver Saber,0,0,9
Silver Series,0,0,47
Sind,0,0,29
Sing Sing,9,1,4
Singapore,0,0,29
Sinndar,0,0,26
Siphon,0,0,41
Sir Cosmo,1,0,2
Sir Gallahad,3,0,17
Sir Gaylord,3,2,9
Sir Martin,0,0,50
Sir Ribot,0,0,53
Sir Ruler,0,0,20
Sir Tristram,0,0,9
Sir Wiggle,0,0,10
Sky High,0,0,27
Slewpy,0,0,47
Smarten,0,0,57
Snow Boots,0,0,30
Snow Knight,0,0,34
Soderini,0,0,44
Solario,4,0,29
Solazo,0,0,17
Soleil Levant,0,0,17
Solferino,0,0,35
Solo Landing,0,0,57
Some Chance,0,0,50
Son-in-Law,4,0,10
Souvenir Copy,0,0,54
Sovereign Dancer,0,0,26
Sovereign Path,7,2,15
Sparkler,0,0,34
Speak John,0,0,40
Spearmint,0,0,2
Spectacular Bid,0,0,47
Spy Song,1,0,30
St. Chad,0,0,5
St.Brideaux,0,0,12
St.Frusquin,0,0,14
St.Germans,0,0,12
St.James,0,0,29
St.Magnus,0,0,12
St.Simon,0,0,14
Stage Door Johnny,4,0,40
Standaan,0,0,13
Stanford,0,0,55
Star Appeal,0,0,10
Star Kingdom,0,0,27
Star Moss,0,0,52
Star de Naskra,0,0,20
Stardust,0,0,27
Stefan the Great,0,0,45
Stevedore,0,0,20
Stevward,0,0,20
Stimulus,0,0,30
Sting,0,0,30
Stop the Music,0,0,46
Straight Deal,0,0,29
Stratus,0,0,22
Stunning,0,0,27
Stymie,0,0,30
Summer Squall,0,0,26
Summer Tan,0,0,27
Summertime,0,0,50
Summing,0,0,40
Sun Again,0,0,17
Sun Briar,0,0,2
Sun Teddy,0,0,17
Sundridge,0,0,2
Sunglow,0,0,17
Sunny Boy,4,0,17
Sunny Brae,0,0,17
Sunrise Flight,0,0,30
Sunstar,0,0,2
Super Concorde,0,0,47
Supreme Court,0,0,50
Supreme Sovereign,0,0,15
Supremus,0,0,30
Surako,0,0,39
Sure Blade,0,0,3
Surumu,0,0,29
Svengali,0,0,18
Swaps,5,3,6
Sweep,0,0,2
Sweep On,0,0,2
Swing Easy,0,0,27
Swoon's Son,0,0,17
Sword Dance,0,0,26
Swynford,0,0,12
T.V.Commercial,0,0,20
T.V.Lark,0,0,20
Table Play,0,0,40
Tabriz,0,0,48
Taine,0,0,10
Take Away,0,0,2
Tale of Two Cities,0,0,48
Tale of the Cat,0,0,26
Talking,0,0,29
Tamerlane,0,0,39
Tanerko,0,0,17
Tantieme,4,0,17
Tapioca,0,0,10
Tatan,0,0,35
Taufan,0,0,46
Teddy,0,0,17
Teenoso,0,0,30
Tehran,0,0,48
Tejabo,0,0,26
Tejano Run,0,0,37
Tell,0,0,40
Tenerani,0,0,14
Tennyson,0,0,38
Tentam,0,0,1
Terrible Tiger,0,0,22
Tetratema,0,0,45
Thatch,0,0,27
Thatching,0,0,27
The Axe,0,0,44
The Boss,0,0,2
The Cobbler,0,0,39
The Doge,0,0,17
The Irish Lord,0,0,47
The Phoenix,0,0,2
The Pie King,0,0,36
The Porter,0,0,2
The Pruner,0,0,10
The Recorder,0,0,50
The Rhymer,0,0,12
The Sailor Prince,0,0,2
The Solicitor,0,0,36
The Tetrarch,0,0,45
The Yuvaraj,0,0,35
Thinking Cap,0,0,2
Third Brother,0,0,40
Three Legs,0,0,36
Tiberius,0,0,10
Ticino,4,0,2
Tiepoletto,0,0,18
Tiepolo,0,0,2
Tiger,0,0,17
Tiger Hill,0,0,26
Time Tested,0,0,30
Timeless Moment,0,0,17
Timor,0,0,18
Tip Moss,0,0,7
To Market,0,0,30
Tom Cat,0,0,19
Tom Fool,2,0,19
Topsider,0,0,26
Tornado,0,0,18
Toro,0,0,2
Touching Wood,0,0,46
Toulouse Lautrec,0,0,16
Tourangeau,0,0,38
Tourbillon,4,0,18
Tourment,0,0,18
Tournoi,0,0,18
Toylsome,0,0,4
Tracery,0,0,2
Traffic Judge,0,0,27
Traghetto,0,0,14
Transmute,0,0,2
Transworld,0,0,40
Tredennis,0,0,2
Trempolino,0,0,3
Trenton,0,0,2
Tri Jet,0,0,19
Tricky Creek,0,0,21
Trimdon,0,0,10
Tristan,0,0,2
Tropique,0,0,18
Tudor Melody,10,2,4
Tudor Minstrel,9,2,4
Tulyar,0,0,48
Tunerup,0,0,10
Turkhan,0,0,39
Turkoman,0,0,54
Turn to Reason,0,0,46
Turn-to,6,2,57
Two Punch,0,0,54
Tyrant,0,0,47
Ujiji,0,0,39
Umidwar,0,0,39
Unbreakable,0,0,33
Unbridled,3,2,54
Uncle,0,0,2
Underwood,0,0,48
Unfuwain?,0,0,26
Up Spirits,0,0,57
Upset,0,0,2
Utopico,0,0,18
Utrillo,0,0,16
Vain,0,0,36
Val d'Or,0,0,2
Val de Loir,4,0,38
Val de l'Orne,0,0,38
Valdez,0,0,54
Valid Appeal,0,0,1
Vandale,4,0,10
Varano,0,0,16
Vatellor,0,0,14
Vatout,0,0,14
Venetian Jester,0,0,19
Verbatim,0,0,40
Vermeer,0,0,29
Verso,0,0,2
Vertex,0,0,12
Vettori,0,0,54
Vezzano,0,0,17
Victoria Park,0,0,17
Victrix,0,0,2
Vieux Manoir,8,4,38
Vigors,0,0,10
Vilmoray,0,0,2
Vilmorin,0,0,2
Vincentive,0,0,12
Violon d'Ingres,0,0,18
Voter,0,0,2
Waidwerk,0,0,2
Wait a Bit,0,0,14
Waldcanter,0,0,50
Walter Gay,0,0,50
War Admiral,3,0,51
War Jeep,0,0,51
War Relic,3,0,51
Wardlaw,0,0,27
Warfare,0,0,27
Wavering Monarch,0,0,54
Well Decorated,0,0,47
Welsh Pageant,0,0,4
Westy Hogan,0,0,2
What Luck,0,0,47
What a Pleasure,1,0,47
Whirlaway,0,0,44
Whisk Broom,0,0,2
Whiskaway,0,0,2
Whistler,0,0,2
White Eagle,0,0,2
Whitesburg,0,0,30
Wildfowler,0,0,2
Wilkes,0,0,36
Willbrook,0,0,2
William of Valence,0,0,14
Winalot,0,0,10
Windfields,0,0,50
Windsor Lad,0,0,39
Windy City,0,0,44
Wise Margin,0,0,30
Wolver Hollow,0,0,15
Worden,8,4,59
Yankee Gentleman,0,0,26
Young Emperor,0,0,8
Young Generation,0,0,4
Your Alibhai,0,0,27
Your Host,0,0,27
Your Majesty,0,0,14
Youth,0,0,30
Zafonic,0,0,54
Zamazaan,0,0,38
Zank,0,0,2
Zephyr Bay,0,0,27
Zeus Boy,0,0,36
Zieten,0,0,26
Zulu Tom,0,0,53
agio,0,0,17
appiani,0,0,10
arctic storm,0,0,22
bailjumper,0,0,17
biscay,0,0,27
bletchingly,0,0,27
breton,0,0,17
cannonade,0,0,47
canny lad,0,0,27
cee's tizzy,0,0,1
chateaugay,0,0,6
claude,0,0,27
deploy,0,0,25
devil his due,0,0,46
el prado,0,0,26
elusive quality,0,0,54
formidable,0,0,27
full out,0,0,25
grand central,0,0,17
grand chaudiere,0,0,26
hagley,0,0,56
harvest singing,0,0,20
hero's honor,0,0,26
hurry up blue,0,0,46
in excess,0,0,37
jefferson,0,0,43
kahyasi,0,0,26
l'enjoleur,0,0,19
lashkari,0,0,25
leo castelli,0,0,26
lunchtime,0,0,19
marauding,0,0,9
medieval man,0,0,27
native prince,0,0,23
never so bold,0,0,47
noble jay,0,0,30
northjet,0,0,26
pass the tab,0,0,44
petrone,0,0,41
pieces of eight,0,0,56
polar falcon,0,0,26
proud clarion,0,0,46
rich gift,0,0,42
royal applause,0,0,26
royal vale,0,0,35
saulingo,0,0,4
seattle song,0,0,47
shareef dancer,0,0,26
siberian express,0,0,37
smadoun,0,0,37
smile,0,0,1
snippets,0,0,19
specialmante,0,0,2
tejano,0,0,37
the prime minister,0,0,26
trevieres,0,0,59
twig moss,0,0,7
watch your step,0,0,17
whiskey road,0,0,26
wise exchange,0,0,17
±²±Ñ±¶Íß×µ°,0,0,26
±²±İØ°¼Ş,0,0,17
±²¶À¶ÀµÓ²,0,0,42
±²¼×ÇÕ´XX,0,0,46
±²½¶Íß²ÄŞ,1,0,21
±²ÀŞÎ,0,0,26
±²ÅÄŞ²×ÇXX,0,0,54
±²È½Ì³¼Şİ,0,0,10
±²×İÄŞÎÜ°Ù,0,0,35
±²Ø½Ì³¼Şİ,0,0,10
±²Ø¯¼­Ø³Ş§°,0,0,25
±²ÙÄİ¼İÎŞØ,0,0,49
±²ÙÊ³Ş±Å»Ş°,0,0,54
±³«°ÃŞ¨°,0,0,13
±³»Ş°Ù,0,0,35
±¶ÃÅİºŞ,0,0,29
±¸±¸,0,0,30
±¸ŞÈ½À·µİ,0,0,46
±¸ŞÈ½ÃŞ¼ŞÀÙ,0,0,54
±¸ŞÈ½Ì×²Ä,0,0,46
±¸ŞÈ½Ü°ÙÄŞ,0,0,26
±»¸»·İ¸Ş½,0,0,26
±»¸»ÃŞİ´İ,0,0,26
±»Ã¨½,0,0,26
±¼ŞÀŞÙ,0,0,26
±¼ŞÄ,0,0,5
±¼Ş­ÃŞ¨¹°Ã¨İ¸Ş,0,0,26
±¼Ş­ÃŞ¨ĞÂµ°,0,0,26
±½¶¸ØÁ¬İ,0,0,54
±½Ì«°ÄŞ,0,0,39
±½Üİ,0,0,26
±ÂŞÏÀŞ¹,0,0,29
±Ä×İÃ¨½,0,0,49
±ÄŞÏ²Ôµ°×,0,0,46
±ÄŞÏ²Ô¶²»Ş°,0,0,55
±ÄŞÏ²Ôº¼Ş°İ,0,0,37
±ÄŞÏ²Ô¼Ş¬Êßİ,0,0,46
±ÄŞÏ²Ô¿İ,0,0,54
±ÄŞÏ²ÔÄŞİ,0,0,54
±ÄŞÏ²ÔÍŞ¶Ş,0,0,46
±ÄŞÏ²ÔÏ¯¸½,0,0,46
±ÄŞÏ²ÔÏ°½Ş,0,0,46
±ÄŞÏ²ÔÑ°İ,0,0,54
±ÄŞÏ²Ô×¸Ã¨,0,0,46
±ÄŞĞ×ÙÊŞ°ÄŞ,0,0,22
±ÆÏÙ·İ¸ŞÀŞÑ,0,0,55
±ÌØ°Ä,0,0,54
±ÌŞ¸ÏÎß°Û,0,0,55
±ÍŞ¼,0,0,53
±ÎÇ°×,0,0,7
±Îß²İÃ¯ÄŞÃŞ²,0,0,46
±Îß¯½Ù,0,0,35
±ÎßÛ·İ¸ŞÀŞÑ,0,0,54
±Ï¯·¬²°İ,0,0,49
±ÏÉ¼Ş¬¸ÀŞÈ,0,0,3
±ÏÉÀŞ²Ï¼Şİ,0,0,42
±ÏÉÒ¶ŞÈµ°,0,0,13
±Ï¦¶¹Ù,0,0,26
±ÒØ¶İÌ§×µ,0,0,54
±ÒØ¶İÎŞ½,0,0,54
±ÒØ¶İÎß½Ä,0,0,23
±ÒØºŞ,0,0,22
±×¼Ş,0,0,55
±×Å½,0,0,4
±ØÀŞ°,3,0,54
±ØÊŞ²,5,2,27
±Ù±²İ,0,0,46
±Ù¶¾¯Ä,0,0,54
±Ù¶İ¸Ş,0,0,7
±ÙºÙ,0,0,58
±Ù»²ÄŞ,4,0,44
±Ù»Şµ,0,0,26
±ÙÀ²Ù,0,0,54
±ÙÃŞÊŞ×İ,0,0,54
±ÙÅ¼°Ñ,0,0,46
±ÙÊŞ°Ä,0,0,54
±ÙÑÀÜ¹Ù,0,0,54
±Ú¯¼ŞÄŞ,3,0,53
±ÚĞÛ°ÄŞ,0,0,53
±Û¹Ş°Ä,0,0,54
±Û°´¸½ÌßÚ½,2,0,15
±ÜÊŞÌŞ°,0,0,49
±İÀŞ°½ÀİÃŞ¨İ¸Ş,3,0,17
±İÃ³½,0,0,26
±İÊŞ°¼¬ÀŞ²,0,0,26
±İÌŞ×²ÄŞÙ½Ş¿İ¸Ş,3,0,54
±İ×²ÊŞÙÄŞ,0,0,46
±°Â±İÄŞÚÀ°½Ş,0,0,53
±°Ã¨±½,0,0,40
±°È½ÄØ°,0,0,46
±°Ğ¼Ş¬°,0,0,55
²´×Êß,0,0,52
²´Û°ºŞ¯ÄŞ,0,0,55
²·°Ä½,0,0,26
²¸½ÌßÛ³ÃŞİÄ,0,0,21
²¼É»İÃŞ°,0,0,46
²¼ÉË¶Ù,0,0,53
²½×ÎŞÆ°À,0,0,46
²¯¶¸¼Ş­³,0,0,53
²ÅØ±İ,0,0,25
²ÅØÜİ,0,0,25
²Ì×°¼Ş,0,0,54
²ÌŞ·Ï²¶¸Ş×,0,0,46
²ÌŞİÍŞ²,0,0,25
²×ÌßÄ,0,0,54
²ÙÄŞÌŞÙÎŞİ,3,4,26
²ÙĞÈ°¼®İ,0,0,4
²ÚºİÄŞÙÊß»°,0,0,54
²İ²¸½ÄØ°Ğ½,0,0,3
²İ¸Ù°ÄŞ,0,0,30
²İ¸ŞØ¯¼­ÌßØİ½,0,0,36
²İÀ¸ŞØµ°,0,0,14
²İÀ°Ò¿Ş,0,0,27
²İÃ¨×²Ğ,0,0,46
²İÃŞ¨±Å,0,0,22
²İÃŞ¨±İÁ¬°Ø°,0,0,37
²İÌ§Á­´²¼®İ,0,0,22
²İÌ¨Æ¯Ä,0,0,23
²İÍßØ±ÙÀŞİ»°,0,0,16
²İØ±ØÃ¨,3,2,1
²İ³Ş¨İ¼ÌŞÙ½ËßØ¯Ä,0,0,26
²°¸ŞÙ,0,0,36
²°¸ŞÙ¶Ìª,0,0,54
²°¼Ş°ºŞ±,0,0,54
²°½ÀİÌØ°Ä,0,0,20
²°½ÄÊßÚ°ÄŞ,0,0,29
³¨½Ş±ÌßÙ°ÊŞÙ,0,0,37
³¨Ù»Ï°½Ş,0,0,4
³¨İ¸ŞÄŞ×³Ş,0,0,26
³²Æİ¸ŞÁ¹¯Ä,0,0,13
³²İ¸Ø­°¶Ş°,0,0,46
³²İ»Ş°É¯Ä,0,0,49
³²İÄŞÌ¨°Ù½Ş,0,0,49
³²İÊŞØ±¼µİ,0,0,46
³ªÙÉ°Ù,0,0,4
³«Û°,0,0,15
³«°´İÌŞÚÑ,0,0,54
³«°Æİ¸Ş,0,0,1
³«°ÌÛİÄ,0,0,26
³µ³»µ³Üµ,0,0,54
³¯ÄŞÏİ,0,0,54
³ÄŞÉÀ²ÎŞ¸,0,0,46
³ÄŞÉÀÜºŞÄ,0,0,30
³Ï½½Ş·,0,0,30
³×ÊŞİÅ½,0,0,30
³Ü×ÊŞ¯,0,0,30
³İ¶ŞÛ,0,0,26
´±¼ª²ÃŞ¨,0,0,46
´±¼¬¶°Ù,0,0,46
´±¼ŞÊ°ÄŞ,0,0,42
´±½ËßÈÙ,0,0,54
´±ÀŞÌŞØİ,0,0,13
´²¼İ±ÎßÛİ,0,0,26
´²¼İ¶Ş²Óİ,0,0,26
´²¼İË¶Ø,0,0,46
´²¼İËŞİ¾İ½,0,0,1
´²¼İÌ×¯¼­,0,0,54
´²¼İÌßÚ½Äİ,0,0,26
´²¼İÜ¼İÄİ,0,0,17
´²Ä×¯¸½,0,0,34
´¸¨±°É,0,0,26
´¸¼°ÄŞ±İÄŞ´¸¾Ù,0,0,26
´¸¾ÚİÄ±°Ä,0,0,26
´¼ªÑ,0,0,26
´½¹İÃŞÚÔ,0,0,26
´½ÎßÜ°Ù¼Á°,0,0,46
´Àİ,3,2,3
´ËßÌ§È²±,0,0,46
´ÌÌ«°Ø±,0,0,46
´ÌŞÛ½,0,0,54
´Ø¼µ,0,0,26
´ØÓ¼Ş®°¼Ş,0,0,5
´Ù¸Ş×İ¾Æ®°Ù,0,0,26
´ÙºİÄŞÙÊß»°,0,0,54
´Ù¾Æ®°Ù,0,0,54
´Ù¾İÀ³Û,0,0,35
´ÙÊŞ¼Şª,4,0,10
´Ù³Ş½ÄÛ°Ñ,0,0,26
´Ú¸ÄÛ·­°¼®Æ½Ä,0,0,46
´İ¶µ°,0,0,39
´İÄŞµÌŞ¼Ş°Æ±½,0,0,30
´İÄŞ½³¨°Ìß,0,0,54
´İÊß²±Ò°¶°,0,0,54
´İÍßØ°,0,0,5
´°¼İÄ¯Ìß,0,0,26
´°¼İÌ«Ü°ÄŞ,0,0,26
´°½µÌŞÊ°Ä,0,0,17
´°½ÀÅÊ¼,0,0,47
´°Ëß°²İÃŞ¨,0,0,47
µ±¼½ÄŞØ°Ñ,0,0,26
µ³¹İÌŞÙ°½Ø,0,0,13
µ³»Ş·Èİ,0,0,42
µ¸ŞØ·¬¯Ìß,0,0,23
µ»²Á¼Ş®°¼Ş,0,0,25
µ»ÑÌ«Ú½Ä,0,0,51
µ¼Ş¼Ş±İ,0,0,17
µ¼Ş­³Á®³»İ,0,0,46
µÄºÉËŞ¶Ş¸,0,0,46
µÌ¨½ÀŞİ»°,0,0,26
µÌ»²ÄŞÄ×¯Ìß,0,0,13
µÍß×Ê³½,0,0,26
µÏÜØ»İ,0,0,46
µÒ¶ŞÊßÌ­°Ñ,0,0,54
µØµİ»Ş»İ¸½,0,0,54
µÙÌª°³ŞÙ,0,0,46
µÚÆÎÚÙÅÖ,0,0,42
µÚÊÏ¯ÃÙ¾Ş,0,0,46
µÚÊÓ¯ÃÙ¾Ş,0,0,46
µİØ°Ì«±×²Ì,8,0,2
µ°½,0,0,26
µ°½Ğ¼¬ÀŞ²,0,0,46
µ°½ĞÀ²¸°İ,0,0,26
µ°ÊŞ°»ŞØĞ¯Â,0,0,47
µ°ÙÄŞ³Ş¨¯¸,0,0,26
µ°Û²,0,0,5
¶³±²·İ¸Ş,0,0,23
¶º²°¼°½Ş,0,0,54
¶»İÄŞ×ÃŞİ¾Â,0,0,4
¶¼ŞÉÄŞ×²³Ş,0,0,47
¶¼Ş­İ,0,0,4
¶½ŞÀ¶²»Ş°,0,0,46
¶½ŞÀ¶²»Ş°H,0,0,53
¶Â×·Ş´°½,0,0,42
¶Â×ÉÊ²¾²º,0,0,58
¶È²ºÏ,0,0,42
¶ÈÂ¸Û½,0,0,37
¶ÈË·Ø,0,0,46
¶ÊŞ°×¯Ìß“ñ¢,0,0,27
¶ÌŞÄ¼Û°,0,0,5
¶ÌŞÄÔÏ,0,0,2
¶ÌŞ×Ôµ°,0,0,41
¶Îß°Ã¨,0,0,47
¶ĞÉ¸Ú¯¾,0,0,26
¶ĞÉÃ¼µ,0,0,41
¶×Ñ°İ,10,4,13
¶×°ÄŞ,0,0,13
¶Ø½ŞÏÃ¨¯¸,0,0,26
¶ØÌ«ÙÆ±¸Û°Ñ,0,0,47
¶ØÌŞ¿İ¸Ş,0,0,26
¶ØÑ,0,0,22
¶Ù½Äİ×²Äµ,0,0,1
¶ÙËŞ¿İ¸Ş,0,0,26
¶ÚİÌŞ×¯¸ËÙ,0,0,46
¶Û,7,3,37
¶İÄ³µ³»Ş,0,0,42
¶İÊßÆ°,0,0,13
¶İÊß×,0,0,13
¶°È·Ş°,0,0,26
¶°ÈÙ¼İÎŞØ,0,0,49
¶°Ø±İ,0,0,26
¶°Øİ,0,0,54
¶ŞØÚµ,4,3,26
¶ŞØÚµºŞ°ÙÄŞ,0,0,26
¶ŞÙÁ,0,0,54
¶ŞÙÄŞÛÜ²ÔÙ,0,0,25
¶Şİº,0,0,46
¶Şİ»ŞØÎŞÙÊŞ°,0,0,29
¶ŞİÎŞ³,0,0,27
¶Şİ×İÅ°,0,0,54
¶Ş°»İÄ,10,2,2
·¶Å²À²¿³,0,0,55
·½ŞÅ,0,0,46
·¾·¦µº½¾Ş,0,0,49
·À»İÌŞ×¯¸,0,0,46
·ÀÉ¶ÁÄŞ·,0,0,42
·¯½Şº°Å°,0,0,47
·Ä©İ½Ş¼Ş®²,0,0,26
·¬²°İÉÃŞÊŞİ,0,0,26
·¬ÌßÃİ½Ã¨°³Ş,0,0,17
·¬ÌßÃİÄ©°Ú,0,0,46
·¬ÒÛ¯Ä,0,0,26
·¬ÛÙÊ³½,0,0,9
·¬İÃŞ¨½Ä×²Ìß½,0,0,55
·¬İÃŞ¨×²ÄŞ,0,0,54
·­³¼­³µ·ÅÜµ³»Ş,0,0,42
·®³²ÁÀŞ°ËŞ°,0,0,46
·®³²ÁÌ§²Ä,0,0,30
·®³²ÁÌŞÚ²ÌŞ,0,0,46
·®³´²Ú±,0,0,18
·®³Ü±Ø¼ÊŞ,0,0,54
·İ·µ³»Ş,0,0,42
·İ¸ŞµÌŞ·İ¸Ş½,0,0,26
·İ¸ŞµÌŞÁª°İ,0,0,53
·İ¸Ş¶ÒÊÒÊ,3,0,54
·İ¸Ş¸ŞÛ°Ø±½,0,0,54
·İ¸Şºİ¸Ş,0,0,57
·İ¸Şºİ¸ŞÆ°,0,0,27
·İ¸Ş½ÍŞİÁ,0,0,36
·İ¸Ş½ŞÍŞ½Ä,0,0,54
·İ¸ŞÍ²Û°,1,0,26
·İ¸ŞÏ¶ÍŞ,0,0,27
·İ¸ŞÏİÎŞ,4,0,54
·İ¼¬»É·¾·,0,0,46
·°Ä©»ŞĞİÄ,3,2,53
·°ÌßÁ®º,0,0,46
·ŞÆ®°Ù,0,0,26
·Ş¬Û¯ÌßÀŞ²Å,0,0,26
·ŞÙÃŞ¯ÄŞÀ²Ñ,0,0,17
¸ÓÊÀ,0,0,29
¸×²Ñ¶²»Ş°,0,0,56
¸×³İÄŞÌßØİ½,0,0,54
¸×¯¸ÏİÅİ,0,0,14
¸×ÚİÄ,0,0,46
¸Ø´²À°,0,0,25
¸Ø½´½,0,0,46
¸Ø½ÀÙ¸ŞØ¯À°½Ş,0,0,55
¸Ø½ÀÙÊßÚ½,0,0,37
¸Ø½Ï½·ŞÌÄ,0,0,46
¸Ø¿ÍŞØÙ,0,0,46
¸ØÉÊÅ,0,0,39
¸ØÊŞÛİ,0,0,17
¸ØĞÅÙÀ²Ìß,0,0,54
¸ØÑ¿Şİ»Àİ,0,0,30
¸ØÑ¿ŞİÄÜ,0,0,26
¸ÚÍßÛ,4,0,44
¸ÛºÙ°¼Ş­,0,0,55
¸ÛÌÈ,0,0,26
¸Ş½ÀÌ,0,0,8
¸Ş¯ÄŞØ°,0,0,38
¸Ş×½ÜİÀŞ°,0,0,46
¸Ş×İÃŞ¨,0,0,35
¸Ş×İÄŞµÍß×,0,0,26
¸Ş×İÌßØÎŞ½,0,0,42
¸ŞØ°¸ÀŞİ½,0,0,26
¸ŞØ°İ¸Ş×½,0,0,27
¸ŞØ°İÀŞİ»°,0,0,26
¸ŞØ°İÃŞ»Ş°Ä,0,0,26
¸ŞÙÒÌÛİÃ¨±,0,0,7
¸ŞÙ°ÑÀŞİ»°,0,0,55
¸ŞÚ²ÓÅ°¸,0,0,8
¸ŞÚ°ÄÛ°Ïİ,0,0,25
¸ŞÚ°Û°ÄŞ,0,0,44
¸ŞÛ°½À°¸,4,0,53
¹²±²ÄŞ³¿¼Şİ,0,0,54
¹²ÑÎ°Ñ,0,0,54
¹Ø°,0,0,2
¹İÀŞÙ¼Ş¬İ,0,0,13
¹İÏÙÁ¶×,0,0,48
¹İÏ°Ù,0,0,13
¹°Ìß¸Û½,0,0,26
¹°ÌßÌŞ×İº,0,0,26
¹Ş²À²Ñ,8,0,58
¹Ş²Ò¾İ,0,0,5
¹ŞİÌŞÀ°ÄÙ,0,0,30
¹Ş°Ñ²½Şµ°ÊŞ°,0,0,54
º²ÉÎŞØ,0,0,26
º²İÄŞ¼ÙÊŞ°,0,0,10
º³¶²Ã²µ°,0,0,49
º¶ŞÈÊßÜ°,0,0,25
º¼Ş°İ,0,0,37
º½ÓÊŞÙ¸,0,0,26
ºÀ¼¬°İ,0,0,25
ºÀŞÏ,0,0,43
ºÊßÉ¼Şİ¸Ş°,0,0,46
ºÊßÉØÁ¬°ÄŞ,0,0,46
ºÊßÉØ¯·°,0,0,46
ºÏİ½Ş,0,0,26
ºÏİÀŞ°²İÁ°Ì,0,0,26
ºØÑ½·°,0,0,26
ºÛÅÄŞ½Ş¸´½Ä,0,0,54
ºİ¸Ş×¯Â,0,0,47
ºİ»°ÄÎŞ°²,0,0,54
ºİ»°İ,0,0,30
ºİÃŞ­²¯Ä,0,0,25
ºİÄ×²Ä,0,0,24
ºİÄÚ²Ù,0,0,46
ºİËŞÆ,0,0,42
º°ÄÏ°¼¬Ù,1,0,36
º°ÙÄŞ¼Ş¯Ìß,0,0,46
ºŞ¼­³Èİ·Èİ,0,0,42
ºŞ½Î°¸¹İ,0,0,26
ºŞÃİºŞ·Èİ,0,0,30
ºŞ°ºŞ°¾Ş¯Ä,0,0,31
ºŞ°½Ä»Ş¯Êß°,0,0,26
ºŞ°Ï°Áİ¸Ş,0,0,40
ºŞ°ÙÃŞİ·¬½Ä,0,0,46
ºŞ°ÙÃŞİ½È²¸,0,0,26
ºŞ°ÙÃŞİ¾İÂ,0,0,26
ºŞ°ÙÃŞİÀŞØ±,0,0,46
ºŞ°ÙÃŞİÌª»ŞİÄ,0,0,37
ºŞ°ÙÃŞİÎ°İ,0,0,26
ºŞ°ÙÄŞ±¸À°,0,0,46
ºŞ°ÙÄŞ±Ø­°Ù,0,0,46
ºŞ°ÙÄŞ±İÄŞ±²ÎŞØ°,0,0,53
ºŞ°ÙÄŞ³ª²,0,0,17
ºŞ°ÙÄŞ¼¯Ìß,0,0,46
ºŞ°ÙÄŞÄŞØ°Ñ,0,0,46
ºŞ°ÙÄŞÍ²Û°,0,0,46
ºŞ°ÙÄŞÏ³İÃİ,0,0,26
ºŞ°İ³ª½Ä,0,0,54
»²ºŞÉ¼®³,0,0,53
»²Ã°¼®İ,0,0,17
»²Úİ½½½½Ş¶,0,0,46
»²Úİ½½½Ş¶,0,0,46
»²ÚİÄÊİÀ°,0,0,46
»³½±Ä×İÃ¨¯¸,0,0,25
»³½³Ş¨¸Ş×½,0,0,54
»³İ½ŞµÌŞ±°½,0,0,46
»³İÄŞÄ×¯¸,0,0,2
»¶Ş½,0,0,7
»·°,0,0,25
»¸¾½ÌŞÛ¯¹İ,0,0,46
»¸¿İ³«Ø±°,0,0,46
»¸ÏÊŞ¸¼İµ°,0,0,42
»¸×»Æ°µ°,0,0,49
»¸×¼®³Ø,0,0,49
»¸×½À°µ°,0,0,49
»¸×¾İÁ­Ø°,0,0,55
»¸×ÁÄ¾µ°,0,0,13
»¸×Ä³º³,0,0,26
»¸×ÊŞ¸¼İµ°,2,0,42
»¸×ÌßÚ¼ŞÃŞİÄ,0,0,46
»¸×Ò¶ŞÜİÀŞ°,0,0,46
»¸×ÕÀ¶µ°,0,0,42
»¸×Û°ÚÙ,0,0,55
»»Ì×,0,0,50
»»ŞİÍ²Û°,0,0,46
»ÀŞÑÊßÃ¯¸,0,0,46
»¯¶°ÎŞ°²,0,0,31
»¯¶°ÎŞ°Ù,0,0,31
»Ã¨İºŞ,0,0,36
»ÄÉ±×¼Şİ,0,0,46
»ÄÉ±Ú½,0,0,46
»ÄÉ¸×³İ,0,0,26
»ÄÉÀŞ²ÔÓİÄŞ,0,0,46
»ÄŞ×°½Ş³ªÙ½Ş,4,0,26
»Æİ¸ŞÃŞ°Ù,0,0,1
»Æ°ÃŞ²½Ş,0,0,46
»Æ°ÌŞ×²±İ,0,0,46
»Ï°ÊŞ¹°¼®İ,0,0,17
»Ï°ÊŞ°ÄŞ,0,0,54
»Ñ×²ºŞ´Óİ,0,0,46
»Ñ×²Ê°Ä,0,0,46
»Ù½,0,0,26
»İµ°²,0,0,44
»İ¶ÙÛ,0,0,46
»İ¼¬²İÌ«°´³Ş§°,0,0,46
»İ¼¬²İÎŞ°²,0,0,42
»İ¼­³Èİ·Èİ,0,0,42
»İ¼°,0,0,31
»İÀ¸Û°½,0,0,19
»İÀŞ°¶ŞÙÁ,0,0,54
»İÃİºŞ·Èİ,0,0,42
»İÃŞ²¸Ø°¸,0,0,36
»İÃŞ°»²Úİ½,3,2,46
»İÃŞ°ÌŞ×İÁ,0,0,46
»İÊ°²,0,0,44
»İÌßØİ½,0,0,42
»İ×²½Ş¿±,0,0,46
»°±²³Ş§°,0,0,9
»°¼Ş­³ªÙ½Ş,0,0,26
»°ÊØ°Ù²½,0,0,53
»°Êß°¼°,0,0,25
»°ÍßİÌÛ,0,0,9
»Ş²À¸ÍØµ½,0,0,7
»Ş¸ŞÚÌŞ,0,0,26
»ŞĞİ½ÄÚÙ,2,9,26
»ŞİÃÂ¹İ,0,0,54
»Ş°Ù,0,0,54
¼±ÄØ¶Ù,0,0,26
¼±ÄÙ½Ù°,7,3,47
¼±ÄÙÀŞİ»°,0,0,26
¼±İÓ±,0,0,2
¼ª²ÃŞ¨Ê²Â,0,0,25
¼ªØÌ½Ş½À°,0,0,27
¼¶Ş°,0,0,26
¼¼®³,0,0,54
¼½Ì§Êİ,0,0,25
¼Á®³¾²XX,0,0,58
¼¯¸½¾İ½,0,0,46
¼Æ½À°ĞÆ½À°,0,0,47
¼ËŞÙ³«°,0,0,54
¼ÍŞØ±İÎ°¸,0,0,26
¼ÏÀ¶,0,0,39
¼¬¹Ä×,0,0,46
¼¬Ä°¹Ş²,5,2,6
¼¬ÄŞ³¹Ş²Ä,0,0,26
¼¬Ï°ÄŞ¼İÎŞØ,0,0,49
¼¬Ğ´,0,0,50
¼¬Ù°ÄŞ,0,0,37
¼¬Ú°,0,0,7
¼¬İÊ²,0,0,54
¼¬°ÃŞ¨°,0,0,26
¼¬°Íßİ±¯Ìß,2,0,3
¼¬°×½ÀÆ,0,0,26
¼¬°Ø°Ê²Â,0,0,25
¼­Ä°Úİ,0,0,26
¼­Ô¸Ê·ĞÀŞ,0,0,26
¼­×ÊŞ,0,0,26
¼­³Ş§Ù¸Ş×İ,0,0,46
¼Õ°Æ,0,0,26
¼®³Åİ¶İÌß,0,0,42
¼®³ÅİÏ²Ã¨,0,0,46
¼®³Ø®³³Ï,0,0,30
¼®Ü¼Ş°Ù,0,0,26
¼®İÎŞØ²İÃŞ¨,0,0,47
¼Ù¸¼Ş¬½Ã¨½,0,0,46
¼Ù¸Ìª²Ï½,0,0,46
¼ÙÊŞ°¼¬°¸,0,0,56
¼ÙÊŞ°½Ã°Ä,0,0,46
¼ÙÊŞ°Á¬°Ñ,0,0,19
¼ÙÊŞ°ÊŞ¯¸,0,0,19
¼ÙÎß°Ä,0,0,26
¼Ù³Ş§°Î°¸,0,0,46
¼Û¯º,0,0,39
¼ÛÆ²,0,0,54
¼İ¸Ş½Ëß°Ù,0,0,26
¼İº³´ÄŞÜ°ÄŞ,0,0,46
¼İº³·İ¸Ş,0,0,26
¼İº³Ì«Ú½Ä,0,0,26
¼İ»Şİ,0,0,48
¼İÈİÌ¸Öº²,0,0,18
¼İÎŞØ²İÃŞ¨,0,0,47
¼İÎŞØ¸Ø½´½,0,0,46
¼İÎŞØÙÄŞÙÌ,4,3,49
¼°·İ¸Ş»ŞºŞ°ÙÄŞ,0,0,54
¼°·İ¸Ş»ŞÀŞ²Ô,0,0,26
¼°»Ş½À°½Ş,3,0,26
¼°ËŞ°¸Û½,0,0,37
¼°Ì­Ø­°,0,0,41
¼°ÌÕØÕ°,0,0,41
¼°Î°¸,8,4,10
¼°Ï°,0,0,45
¼Şª²ÄŞÊİÀ°,0,0,54
¼Şª²ÄŞÛÊŞØ°,0,0,54
¼Şª²Íß¸Ş,0,0,47
¼ŞªÆ­²İ,0,0,46
¼ŞªÈ×½,0,0,26
¼ŞµÎßİÃ¨,0,0,26
¼Ş¹Şİ»Ş¶ŞİÅ°,0,0,46
¼ŞÑÌÚİÁ,0,0,53
¼Ş¬²±İÂº°½Ş³ª²,0,0,26
¼Ş¬²±İÄÚ¯¶°,0,0,26
¼Ş¬ºÓ,0,0,30
¼Ş¬½À³ª²,0,0,46
¼Ş¬½Ã¨Ì§²,0,0,26
¼Ş¬¯¼Ş±İ¼ŞªÙ°Á,0,0,47
¼Ş¬¯¼Ş¬°,0,0,17
¼Ş¬ÜºŞ°ÙÄŞ,0,0,53
¼Ş¬İ¸ŞÙÎß¹¯Ä,0,0,13
¼Ş¬İÌß½À°Ä,0,0,47
¼Ş¬³ŞØİ,0,0,48
¼Ş­Æ±½,0,0,47
¼Ş®³Ö°Ì§½Ä,0,0,16
¼Ş®Ø°½ŞÍ²Û°,0,0,46
¼Ş®İÃ¨µİÌŞÙ,0,0,37
¼Ş®°¶ÌßÁ°É,0,0,46
¼ŞÖİÃŞº°Ñ,0,0,34
¼ŞÙ»ŞÙ,0,0,26
¼Şİ¾²Ïİ»Ş²,0,0,17
¼Ş°¶¯ÌßÀŞ²½·,0,0,26
½²ÌÄ½ÜÛ°,0,0,26
½²°ÂÏ¶ÍŞ,0,0,1
½³ªÌßÄµ°³Ş§°ÎŞ°ÄŞ,0,0,54
½¶²Ï½À°,0,0,2
½¶²Ò»,0,0,47
½·¬À°»ŞºŞ°ÙÄŞ,0,0,54
½·¬¯ÄÀŞÃŞ¨,0,0,26
½·¬İ,0,0,54
½·ŞÉÊÔ¶¾Ş,0,0,3
½¸Ø°İË°Û°,0,0,46
½¸Ü°ÄÙ½¸Ü°Ä,0,0,54
½º¯Ä,0,0,14
½½Ş¶º°½Ş³ª²,0,0,26
½½Ş¶ÌªÆ¯¸½,0,0,46
½½Ş¶ÏİÎŞ,0,0,46
½½ŞÊßÚ°ÄŞ,0,0,36
½½ŞÏ¯Ê,0,0,26
½ÀÁ­°µÌŞØÊŞÃ¨,0,0,26
½À°µÌŞº¼Ş°İ,0,0,37
½À°Ïİ,0,0,53
½À°Øİ¸ŞÛ°½Ş,0,0,54
½Ã¨İÃ¨É,0,0,50
½Ã¨°ÙÊ°Ä,1,0,28
½Ã²ºŞ°ÙÄŞ,3,0,46
½Ã²¼ŞË°Û°,0,0,19
½ÃÌ§É½,0,0,46
½Ã­°ÃŞİÄ¶³İ¼Ù,0,0,54
½Ã­°ÍßİÀŞ½,0,0,47
½Ã°¼ŞÁ¬İÌß,0,0,46
½Ä×ÀŞËŞİ½·°,0,0,26
½Ä×³Ş¨İ½·°,0,0,26
½ÄØ°Ä¸×²,0,0,54
½ÄØ°Ä¾İ½,0,0,54
½ÄØ°ÄÎŞ½,0,0,54
½ÄÚ¯ÁÜİ,0,0,34
½ÄÚ°ÄÌ×¯¼­,0,0,54
½ÄÛÍŞØ°Û°ÄŞ,0,0,26
½ÄÛİ¸Ş´²Ä,0,0,17
½ÄÛİ¸ŞØÀ°İ,0,0,46
½Ä°Ğİ¸ŞÎ°Ñ,0,0,54
½Ä°Ñ·¬¯Ä,5,3,26
½Ä°ÑÊŞ°ÄŞ,3,8,26
½Ä°ÑÌŞ°Ä,0,0,26
½Æ¯ÂªÙ,0,0,26
½É¯ÌŞ,10,2,38
½ÊßÆ¯¼­²¸½ÌßÚ½,0,0,15
½ËßÆİ¸ŞÜ°ÙÄŞ,0,0,26
½ËßÙÊŞ°¸Ş,0,0,46
½Ëß°ÄŞ¼İÎŞØ,0,0,57
½Ëß°ÄŞÜ°ÙÄŞ,0,0,54
½Ìß×³Ä,0,0,54
½ÌßØ¯ÄÌ¨İ¶Ş°,0,0,54
½ÌßØİ¸ŞÀŞÌŞÙ,0,0,30
½Íß¼¬Ù³¨°¸,0,0,46
½Íß¼¬ÙÊŞ¹Â³«°À°,0,0,28
½ÍßİÄŞ±ÊŞ¯¸,0,0,19
½Ï°Ã¨¼Ş®°İ½Ş,0,0,54
½Ï°Ä½Ä×²¸,0,0,54
½Ï°ÄÌ§Ùºİ,0,0,46
½Ï°ÄÛËŞİ,0,0,46
½ĞÉººÛ,0,0,30
½×ÏÆ,0,0,26
½×³Ş¨¯¸,0,0,26
½ØÙ¼®°,0,0,26
½Ù°µºŞ°ÙÄŞ,0,0,47
½Ù°»ŞÄŞ×ºŞİ,0,0,47
½Ü°³ŞØÁ¬°ÄŞ,0,0,46
½°Êß°¶¯Ìß,0,0,46
½°Êß°¸Ø¯¸,0,0,26
½°Êß°¸Ø°¸,0,0,26
½°Êß°Î°È¯Ä,0,0,26
¾²³İ½¶²,0,0,27
¾²ÌŞİ½ºŞ²,0,0,27
¾·Ã²Ø­³µ°,0,0,42
¾¸ÚÀØ±Ä,10,2,47
¾¸ÚÄ,0,0,26
¾ÀŞİ,6,0,41
¾ÌÄ,0,0,45
¾ÌßÃİ¼İ¹İ,0,0,27
¾ÌßÃİ¾²ºŞ°,0,0,36
¾Ú½ÊİÄ,0,0,54
¾İÄ¸Ú½Ëßİ,3,4,5
¾İÄÆº×½±ËŞ°,0,0,26
¾İÄÊßÃŞ¨,0,0,5
¾İÄÏ°¸½ÊŞ¼Ø¶,0,0,26
¾İÄ×²Ä,0,0,2
¾ŞÀŞ°İ,2,0,13
¾ŞÆ¶ŞÀÁª²»°,0,0,49
¾ŞÈ×Ø½Ä,0,0,26
¾ŞİÉ´Ù¼ÄŞ,0,0,26
¾ŞİÉÛÌŞÛ²,0,0,46
¿³ÙµÌŞ»ŞÏÀ°,0,0,17
¿¯Ä»½,0,0,26
¿ÙÃ¨İºŞ,0,0,36
¿ÛÅ³ª°,0,0,35
¿İ¸ŞµÌŞ³²İÄŞ,0,0,54
¿³Ş¨´Ä½À°,0,0,26
¿°ÄŞÀŞİ»°,0,0,17
¿°ÌŞÚ½ÄŞ,0,0,42
À²¶Ş°,0,0,39
À²·¼¬ÄÙ,0,0,46
À²·¼¬ÍŞÙ,0,0,46
À²·ÌŞØ»Ş°ÄŞ,0,0,47
À²Ã´Ñ,0,0,5
À²Ä½Îß¯Ä,0,0,53
À²ÑÊß×ÄŞ¯¸½,0,0,46
À²ÑÌ«°±Áªİ¼Ş,0,0,17
À²ÔÒ¼Ş¬°,0,0,46
À¶²À¶²,0,0,51
À¶¸×ÔÏ,0,0,45
À¶Ï¶ŞÊ×,0,0,39
À¸×Ï¶İ,0,0,17
À¸Ş×,0,0,46
À¹¼ÊŞµ°,0,0,58
À¹Î°Ìß,0,0,22
ÀÀŞÉÂÖ¼,0,0,46
À¯ÁĞ°É¯Ä,0,0,46
À¯Ìßµİ³¯ÄŞ,0,0,36
À¯ÌßÀŞİ½¼Á°,0,0,53
ÀÆÉ·ŞÑÚ¯Ä,0,0,46
ÀÆÉÁ¶×,0,0,7
ÀÈÓĞ¼Ş²»İ,0,0,54
ÀÊŞ½º·¬¯Ä,0,0,26
ÀËß¯Ä,0,0,47
ÀÏÉ¸Û½,0,0,37
ÀÏÓ¸Û½,0,0,37
ÀÏÓ»Îß°Ä,0,0,37
ÀÔ½ÂÖ¼,0,0,46
ÀØÔ°Ä½,0,0,48
À°¸½Ø×²±İ½,0,0,39
À°ºŞÜ²½,0,0,40
À°ÄÙÎŞ³Ù,0,0,26
ÀŞ²±ÄÑ,0,0,41
ÀŞ²²¼½,0,0,3
ÀŞ²µ×²Ä,4,0,2
ÀŞ²º³»¸,0,0,21
ÀŞ²º°À°,0,0,48
ÀŞ²¼İµÚİ¼Ş,0,0,54
ÀŞ²À¸ÍØµ½,0,0,7
ÀŞ²Å¶ŞØÊŞ°,0,0,26
ÀŞ²Åº½Ó½,0,0,16
ÀŞ²ÅÚÀ°,0,0,26
ÀŞ²Ê°ÄŞ,0,0,24
ÀŞ²ÔÓİÄŞÁ¬°Ñ,0,0,16
ÀŞ²Õ³»¸,0,0,21
ÀŞ²Öİ¶²µ³»Ş,0,0,42
ÀŞ²ÜÒ¼Ş¬°,0,0,46
ÀŞ½ÄºÏİÀŞ°,0,0,47
ÀŞ¯¼¬°ºŞ°ºŞ°,0,0,42
ÀŞ¯Êß°ÀŞİ,0,0,53
ÀŞÉİ¼¬İÃ¨,0,0,46
ÀŞÉİ¼¬°¸,0,0,46
ÀŞÉİÊŞ×°ÄŞ,0,0,46
ÀŞÉİÚ¼ŞªİÄŞ,0,0,30
ÀŞËŞ·¬×·Èİ,0,0,46
ÀŞËŞÏ»°É³À¹Ş,0,0,30
ÀŞÌŞØİ×²µİ,0,0,54
ÀŞÏ½¶½,5,3,17
ÀŞĞ½À°,0,0,54
ÀŞÒÀŞÒÀŞÒÀŞÒÀŞ,0,0,37
ÀŞ×¶Æ,0,0,25
ÀŞ×É°±,0,0,17
ÀŞÙ¼¬°İ,0,0,25
ÀŞİ»°½Ş²Ò°¼Ş,0,0,23
ÀŞİ¼İ¸Ş·¬¯Ìß,0,0,23
ÀŞİ¼İ¸ŞÌŞÚ°³Ş,0,0,26
ÀŞİ¼İ¸ŞÓ½,0,0,52
ÀŞİ½²İ»ŞÀŞ°¸,0,0,46
ÀŞİ½µÌŞ×²Ì,0,0,26
ÀŞİ½°Ù,0,0,17
ÀŞİÁË,7,1,26
ÀŞİÃ,2,0,16
ÀŞİÃŞ¨Ê¯Ä,0,0,26
ÀŞİÃŞ¨Ù°Ä,0,0,7
ÀŞ°¸´İ¼ŞªÙ,0,0,26
ÀŞ°¸¼¬ÄŞ³,0,0,46
Áª²İÄŞØ°Ñ,0,0,19
Á¶×¦ËÄÂÆ,0,0,53
ÁÁ¶½ÃÅİºŞ,0,0,37
Á¬²ÅÛ¯¸,5,6,58
Á¬ÍßÙÌŞ×ÑÌßÄİ,0,0,50
Á¬ÍßÙÛ²ÔÙ,0,0,19
ÁÔİËßµİ½À°,0,0,26
Á­³ºŞ¸¼º¸µ³»Ş,0,0,42
Á­³ÌŞµ³»Ş,0,0,42
Á®º,0,0,46
Á°Ì½Ş¸×³İ,0,0,26
Á°ÌÍŞ±Ê°Ä,0,0,26
Â²İÀ°ÎŞ,0,0,26
ÂØ½À,0,0,42
ÂÙÏÙÎŞ°²,0,0,46
Ã¨´ÎßÛ,0,0,35
Ã¨½ŞÅ³,0,0,1
Ã¨¯¶Èİ,0,0,37
Ã¨ÑÀÑ,0,0,19
Ã¨İ¶Ş°×,0,0,49
Ã¨İÊŞ°¶İÄØ°,0,0,54
Ã²´ÑµÍß×µ°,0,0,26
Ã½ºÎŞ°²,10,3,42
Ã½ÀÏ¯À,0,0,47
Ã¯¿,0,0,39
Ã­ÃŞÅÑ,0,0,4
Ã­°ÀŞ°ÍßØµ¯ÄŞ,0,0,4
ÃØµ½,0,0,25
ÃÙÃİØ­³,0,0,34
ÃÚ¸ŞÉ¼½,0,0,13
ÃİÆ¶´Ù,0,0,26
ÃİËŞ°,0,0,26
ÃİÎß²İÄ,0,0,24
ÃŞ¨±ÄÚİÁº°Ä,0,0,30
ÃŞ¨±ÌŞÛ,0,0,46
ÃŞ¨¸À½,0,0,31
ÃŞ¨¸À¯Ä,0,0,1
ÃŞ¨»²Ì§,0,0,46
ÃŞ¨½ÀİÄØ×Ã¨³Ş,0,0,28
ÃŞ¨×İÄ°Ï½,0,0,26
ÃŞ¨°Ìß²İÊß¸Ä,4,0,46
ÃŞ¨°Ìß½¶²,0,0,46
ÃŞ¨°ÌßÌŞØ×İÃ,0,0,46
ÃŞ¨°Ï¼Şª½Ã¨,0,0,46
ÃŞ²¼Ş­°Ù,0,0,26
ÃŞ²ÊŞ²İ·ŞÌÄ,0,0,42
ÃŞ²×Ğ,0,0,25
ÃŞ²İËÙ,1,0,26
ÃŞ»Ş°Ä·İ¸Ş,0,0,26
ÃŞ½Íß×°ÄŞ,0,0,46
ÃŞË±,0,0,26
ÃŞËŞ¯ÄŞ¼Ş­Æ±,0,0,53
ÃŞËß­Ã¨ĞÆ½À°,0,0,26
ÃŞ­×ÌŞ,0,0,26
ÃŞ­×İÀŞÙ,0,0,46
ÃŞ³Ş¨Ù½ŞÊŞ¯¸Ş,0,0,46
ÃŞ°Óİ¸×²½Ş,0,0,4
Ä©²İ¸ÙÚ°½,0,0,47
Ä©»Ş¸ŞÛ°Ø°,0,0,54
Ä©»ŞÜ°ÙÄŞ,0,0,54
Ä©Ù°Å²Ä,0,0,6
Ä³¶²Ã²µ°,0,0,49
Ä³¶²ÄØ¯¸,0,0,54
Ä³¶²ÊßÙ»°,0,0,49
Ä³¹²Æ¾²,0,0,20
Ä³¹²Í²Û°,0,0,46
Ä³¹²Î°Ìß,0,0,20
Ä³¼®³ºŞ¯ÄŞ,0,0,7
Ä³¼®³Ì§Ùº,0,0,27
Ä³¼®³Íß¶Ş»½,0,0,7
Ä³¼®³ÎŞ°²,2,0,42
Ä³Î¸µ³»Ş,0,0,42
Ä³ÙÇ¿Ù,0,0,29
Ä·ÉÁ¶×,0,0,29
Ä»ĞÄŞØ,0,0,39
Ä¼¸ŞØ°İ,0,0,27
Ä¼¼Û,0,0,2
Ä¯Ìß³Ş¨Ù,0,0,16
ÄÆ°ËŞİ,4,0,13
ÄËŞ»¸×,0,0,39
ÄËßµ,0,0,31
ÄĞ¼ÉÎßÙİ¶Ş,0,0,44
ÄÑÛÙÌ,8,3,53
Ä×²ÊŞÙÁ°Ì,0,0,42
Ä×²Ï²ÍŞ½Ä,0,0,26
Ä×Ì¨¯¸,0,0,27
Ä×İ½±×İÃ¨¯¸,0,0,21
Ä×İ¾İÄŞ,0,0,21
ÄØÌßØ¹°Ä,0,0,2
ÄÙ¶°À°À¯¿,0,0,26
ÄÛ²,0,0,36
ÄÛ¯Ä»İÀŞ°,0,0,16
ÄÛ¯Ä½À°,0,0,54
ÄÛÒµ,0,0,26
ÄÜ²Æİ¸Ş,0,0,54
ÄİËßµİ,0,0,19
Ä°¼İÌŞØ»Ş°ÄŞ,0,0,26
Ä°¾İ¼Ş®°ÀŞİ,0,0,13
Ä°¾İ½À°ÀŞÑ,0,0,46
Ä°¾İÌŞ×²Ä,0,0,46
Ä°¾İ×°,0,0,46
Ä°Î³´İÍß×°,0,0,46
Ä°Î³¼Ş¬¯¶Ù,0,0,46
Ä°Ö°ØÌ§°Ù,0,0,1
Ä°Ü³¨Å°,0,0,28
ÄŞ©×ÒİÃ,0,0,54
ÄŞ¸À°½Êß°Ä,0,0,4
ÄŞ¸À°ÃŞ³Ş¨±½,0,0,7
ÄŞ¸À°Ìª²¶Ş°,0,0,30
ÄŞºÆÓ·¶Å²,0,0,46
ÄŞÊŞ²ĞÚÆ±Ñ,0,0,54
ÄŞÊŞ³¨,2,0,54
ÄŞ×ÏÃ¨¯¸ËŞ¯ÄŞ,0,0,30
ÄŞØ°Ñ³ªÙ,0,0,26
ÄŞØ°Ñ¼Ş¬°Æ°,0,0,46
ÄŞØ°ÑÊß½Îß°Ä,0,0,46
ÄŞÚ½±¯Ìß,0,0,6
ÄŞ°ÅÂ×ÌŞÁ®º,0,0,46
Å²·±ÃŞ¨×²Ä,0,0,46
Å²½ÀŞİ»°,0,0,26
Å²½Æ²Á¬,0,0,26
Å²½È²Á¬,0,0,26
Å²½Ğ°Á­°,0,0,54
Åµ·,0,0,2
Å¶ÔÏÌª½À,0,0,46
Å¸ŞÙ½·°,0,0,26
Å¼Ìß°Ù,0,0,55
Å¼­±,2,0,20
Å¼­Üİ,0,0,55
Å½Ù´Ù±×ÌŞ,0,0,26
ÅÁ­×Ø½ŞÑ,0,0,26
ÅÃŞ¨±,0,0,20
ÅÅ¼­³Èİ·Èİ,0,0,42
ÅØÀ·İ¸Şµ°,0,0,21
ÅØÀÄ¯ÌßÛ°ÄŞ,0,0,31
ÅØÀÌŞ×²±İ,0,0,46
ÅİÃŞÔÈİ,0,0,46
ÅİÄºŞ¼¬¾²,0,0,54
ÅİÄ¾²¹İXX,0,0,16
ÅİÄÛ¸¾²,0,0,54
Æ¼­³Èİ·Èİ,0,0,26
Æ¼Şİ½·°,3,4,26
Æ¿Şİ,0,0,26
ÆÁÄŞ³ÀÛ°,0,0,35
Æ¯Ä´²Ä,0,0,2
Æ¯Îß°Ã²µ°,0,0,26
ÆÎİËßÛ±Ü°½Ş,0,0,26
ÆÎİËßÛ³²Å°,0,0,28
Æ­°²İ¸Ş×İÄŞ,0,0,46
ÆİÊŞ½,0,0,22
Ç½ĞÉËŞ¶Ş¸,0,0,26
ÇÚ²´Ì,2,0,26
È±Ùº,3,2,22
È²´Ì,0,0,54
È²Ã¨³ŞÀŞİ»°,3,2,23
ÈµÕÆ³Ş§°½,0,0,46
ÈºÊßİÁ,0,0,46
È¯¹Â·®³¼,0,0,16
ÈÌßÃ­°Ç½,0,0,17
ÈÙÄ½¸Ş±»,0,0,46
È³Ş§°ËŞ°Ä,9,4,24
È°Ê²¼°»Ş°,0,0,26
É³İÌ§¸Ä,0,0,1
É¯Ä±¼İ¸ŞÙÀŞ³Ä,0,0,26
ÉÉ±Ùº,0,0,21
ÉÎŞ¼Ş¬¯¸,0,0,26
ÉÎŞÄ©Ù°,0,0,30
É×Èº,0,0,26
É³ŞªØ½Ä,0,0,39
É°±Ãİ¼®İ,0,0,26
É°»ŞØ°,0,0,26
É°»Şİ±İ»°,0,0,26
É°»ŞİÀŞİ»°,3,0,26
É°»ŞİÃ°½Ä,9,2,26
É°»ŞİÈ²Ã¨³Ş,0,0,21
É°Ø­°Ä,0,0,7
Ê²±°¹Ş°Ñ,0,0,46
Ê²´½ÄµÅ°,0,0,13
Ê²¼¬Êß×Ù,0,0,26
Ê²¾²º°,0,0,58
Ê²Ä¯Ìß,3,0,16
Ê²Ê¯Ä,0,0,27
Ê²Ì×²ÌÛ°,0,0,36
Ê²ÍßØµİ,3,2,27
Ê²×İÄŞØ°Ù,0,0,26
Ê³½ÊŞ½À°,0,0,55
Ê¸Ø®³,0,0,39
ÊÀ¶¾Ş,0,0,29
ÊÁª¯ÄÏİ,0,0,44
Ê¯ÄÄØ¯¸,0,0,46
ÊÂ¼ÊŞµ°,0,0,58
ÊÈÀŞÌŞ×²±İ,0,0,46
ÊÊŞ¯Ä,0,0,28
ÊËŞÀ¯Ä,7,1,28
ÊËŞÄÆ°,0,0,28
ÊÔÀ¹,0,0,45
ÊØ¹°İ×İ,0,0,26
ÊÛ³ª°,5,3,35
ÊÜ²,0,0,16
Êİ»ŞÀŞİ»°,0,0,16
Êİ¾Ù,0,0,54
ÊİÀ°ºÑ,0,0,16
Ê°Â¸×²,3,0,46
Ê°ÃŞ¨¶Ç°Ä,0,0,34
Ê°ÄÚ²¸,0,0,26
Ê°ÄŞ½Êßİ,0,0,26
Ê°ÄŞÂ°ËŞ°Ä,0,0,34
Ê°ÄŞØÄŞİ,0,0,34
Ê°ËŞİ¼Ş¬°,0,0,26
Ê°×İ,0,0,26
Ê°×İ½ŞÎØÃŞ°,0,0,26
ÊŞ³İÃ¨±½,0,0,58
ÊŞ¸ÀŞİ¼®Ø,0,0,19
ÊŞºŞ,0,0,55
ÊŞ½Ã¨É,0,0,44
ÊŞ½Ã¯ÄŞ,8,4,44
ÊŞÁ±°,0,0,26
ÊŞ¯¸½Ä¯Êß°,0,0,19
ÊŞ¯¸Êß»°,5,2,19
ÊŞÄÙÌß×İ,0,0,54
ÊŞÄÙ×²İ,0,0,17
ÊŞÌŞÙ¶ŞÑÌªÛ°,0,0,46
ÊŞ×İ½µÌŞ¹Ş°Ñ,0,0,26
ÊŞİËŞ°ÒÓØ°,0,0,10
ÊŞİÌŞ°±Ä×½,0,0,53
ÊŞİÌŞ°ËŞ·Şİ,0,0,53
ÊŞİÌŞ°ÒÓØ°,0,0,10
ÊŞ°²°ÄŞ,0,0,26
ÊŞ°Å°ÃŞ¨Æ,0,0,47
ÊŞ°ÊŞ°,0,0,42
ÊŞ°ÎŞİÌßØİ½,0,0,40
Êß²Û,0,0,47
ÊßÄŞ½°Ù,0,0,25
ÊßÅ½Ø¯Êß°,0,0,39
Êß×ÀŞ²½¸Ø°¸,0,0,25
ÊßÚ½Ğ­°¼Ş¯¸,0,0,26
ÊßİÄÚ¾ÚÌŞÙ,0,0,26
Êß°¸Ø°¼ŞªİÄ,0,0,26
Êß°¼±,0,0,39
Êß°¿ÅØÃ¨,0,0,46
Êß°¿ÅÙ×¯¼­,0,0,21
Êß°¿Ûİ,3,2,49
Êß°ÙÀŞ²³Ş§°,0,0,14
Ë¶ÙÀ¶²,0,0,51
Ë¶ÙÒ²¼Ş,0,0,48
ËºÎŞ¼,0,0,54
Ë»¼ÏÙ,0,0,47
Ë¼±¹ÎŞÉ,0,0,54
Ë¼±ØÀŞ°,0,0,54
Ë¼Ï»Ù,0,0,47
Ë¼Ğ×¸Ù,0,0,31
Ë½ŞÏ¼Şª½Ã¨,3,0,53
Ë¯Ã¨İ¸Ş±³ª°,0,0,18
Ë¯Ä»ŞÀ°¹Ş¯Ä,0,0,54
ËÃŞÁ¶×,0,0,48
ËÃŞÌŞ¯,0,0,17
Ë¬¸ÈİÆËÄØ,0,0,16
ËÙÉÀŞÑ°Ù,0,0,46
ËİÄŞ½Àİ,8,4,48
ËŞ±ÊÔËÃŞ,0,0,37
ËŞº°Íß¶Ş»½,0,0,26
ËŞ¾ŞİÆ¼·,0,0,7
ËŞ¯¸Ş±°»°,0,0,42
ËŞ¯¸ŞºŞ°ÙÄŞ,0,0,46
ËŞ¯¸Ş»İÃŞ°,0,0,46
ËŞ¯¸ŞÃŞ¨»Ş²±°,0,0,42
ËŞØ°³Ş²¯Ä,0,0,1
ËŞÜÊÔËÃŞ,0,0,37
ËŞ°Ï²¹Ş½Ä,0,0,26
Ëß¯Ä¶°İ,0,0,36
ËßÙ»ÄŞ½·°,0,0,26
Ëßİ½Ş,0,0,19
Ì§²ÅÙ½º±,0,0,2
Ì§²ÌŞÀŞİ»°,0,0,26
Ì§²İ¸ŞÚ²İ,0,0,46
Ì§²İÆ°ÄŞÙ,0,0,54
Ì§»Ş°×İÄŞ,0,0,26
Ì§½ÄÀÃÔÏ,0,0,46
Ì§½ÄÈ¯ÄÛ¯¸,0,0,26
Ì§½Ø´Ì,0,0,26
Ì§ÊŞ°¼Ş,0,0,42
Ì§Ëß±É,0,0,54
Ì§×ÓİÄŞ,0,0,41
Ì§Ùºİ,0,0,49
Ì§ÙÌŞ×³Ş,0,0,26
Ì§İÀ½Ã¨¯¸×²Ä,0,0,55
Ì§°»Ş°½Ş²Ò°¼Ş,0,0,6
Ì§°½ÄÌ§ĞØ°,0,0,57
Ì§°ÃŞ¨ÅİÄŞ,0,0,26
Ì¨ÀŞÙºŞ,0,0,22
Ì¨ÃŞ¨µİ,0,0,17
Ì¨Ø¯ÌßµÌŞ½Íß²İ,0,0,4
Ìª±¼Ş¬¯¼ŞÒİÄ,0,0,53
Ìª±Ø°·İ¸Ş,0,0,26
ÌªÉ°ÒÉ,0,0,46
ÌªØµ°Ù,0,0,32
Ìª°ÄÒ°¶°,0,0,6
Ì«Ã¨Ãİ,0,0,26
Ì«ÙÃ¨É,4,0,37
Ì«ÙØ,6,4,27
Ì«°Ã¨Å²Å°,0,0,54
Ì«°Ã¨Å²Å°½Ş»İ,0,0,54
Ì«°İÄØ¯¸,0,0,21
Ì»²ÁºİºÙÄŞ,0,0,26
Ì»²Á¿Æ¯¸,0,0,26
Ì»²ÁÍß¶Ş»½,0,0,54
Ì»²ÁØ¼¬°Ù,0,0,26
Ì¼ŞµİÜ°ÄŞ,0,0,53
Ì¼Ş·¾·,0,0,46
Ì¼Ş»²Úİ½,0,0,46
Ì¼ŞÉÏ¯¹İµ°,0,0,25
Ì¼ŞÔÏ¹İ»Şİ,0,0,18
Ì×²Ä×²İ,0,0,47
Ì×¯¼­ÎŞ²½,0,0,4
Ì×Ü°±Ú²,0,0,54
Ì×İ·İ¾İ½,0,0,42
Ì×İ¹Ù,0,0,26
ÌØµ°¿,0,0,46
ÌÚ¯¼­ÎŞ²½,0,0,4
ÌÚİÁÃŞËß­Ã¨,0,0,26
ÌÛØÊŞİÀŞ,0,0,42
ÌŞ¯Ì×°,0,0,43
ÌŞ×²±İ½ŞÀ²Ñ,0,0,46
ÌŞ×½ÄÜİËß°½,0,0,26
ÌŞ×¯¸³²İ¸Ş,0,0,30
ÌŞ×¯¸À²±Ìª±°,0,0,54
ÌŞ×¯¸À²ÄŞ,0,0,46
ÌŞ×¯¸Î°¸,0,0,26
ÌŞ×¯¼İ¸Ş¸ŞÙ°Ñ,10,3,55
ÌŞ×İÌŞÙ°,0,0,7
ÌŞØ¶ŞÃŞ¨±¼Şª×°ÄŞ,0,0,36
ÌŞÙÍß°¼Ş,0,0,17
ÌŞÚ²³Şª½ÄÛ°Ïİ,0,0,25
ÌŞÛ°ÄŞÌŞ×¯¼­,0,0,30
ÌŞİ¼İ,0,0,13
Ìß×²µØ°Êß°¸,0,0,2
Ìß×²³Şª°Ä±¶³İÄ,0,0,17
Ìß×¸ŞÄŞÆ¯¸Ù,0,0,53
Ìß×Ã¨Æ,0,0,29
ÌßØ»²½´İÄŞ,0,0,54
ÌßØÒ×,0,0,49
ÌßØÒÛ,4,0,39
ÌßØİ½µÌŞÊŞ°½Ş,0,0,26
ÌßÙÌª°ÌŞÙ,0,0,46
ÌßÙ×Ø½ŞÑ,0,0,26
ÌßÙ°ÃŞİÄ,0,0,49
ÌßÚ»ŞİÄºÛÆ°,0,0,53
ÌßÚ»ŞİÄÀ¯Ìß,0,0,53
ÌßÚ»ŞİÄØ°Êß°Ìª¸Ä,0,0,53
ÌßÚ¼ŞÃŞİÄ¼Á°,0,0,48
ÌßÚ½Ä³º³,0,0,8
ÌßÛİÄ,0,0,41
Í²ÙÄ©Ø°½Şİ,3,0,46
Í²Û°,3,1,46
Í¸À°ÌßÛÃ¸À°,0,0,54
ÍÆ°Ë­°½Ş,5,0,26
ÍÈ¼°,0,0,26
ÍŞ²ÂÓ°ÃÙ,0,0,9
ÍŞØÌ§,0,0,26
ÍŞÙ¼¬»Ş°Ù,0,0,54
ÍŞÙÜ²ÄŞ,0,0,22
ÍŞİÏ°¼¬Ù,0,0,35
Íß²»ŞÊŞÄ×°,0,0,38
ÍßÃ¨İºŞ,0,0,36
ÍßÙ¾ÎßØ½II,0,0,13
ÍßÙ°»,0,0,46
ÍßİÀ²±,0,0,26
Íß°Ù,0,0,49
Î³¼­³´²Ä,0,0,58
Î³¼­³Ø¯Á,0,0,48
Î³¼Õ³,0,0,39
Î¸Ä¼Á¾²ºŞ°XX,0,0,36
Î¸Ä¼İ¹İXX,0,0,27
Î¸ÄÍØµ½,0,0,46
Î¸ÄÎŞ°²,0,0,42
Î½ÄÍØµ½,0,0,46
Î½ËßÀØÃ²,0,0,4
Î¯¶²ÀŞ²Ô,0,0,2
Î¯¶²ÄŞ³µ³»Ş,0,0,42
Î¯¶²Íß¶Ş»½,0,0,2
Î¯¶²Ù¿°,0,0,1
Î¯º°ÀÙÏ´,0,0,54
Î¯Ä½Êß°¸,0,0,28
ÎÜ²ÄÉ´Ù,0,0,46
ÎÜ²ÄÍŞ¯¾Ù,0,0,26
ÎÜ²ÄÏ½ŞÙ,0,0,26
Î°Ñ²İ,0,0,51
Î°Ø°¼¯¸½,0,0,16
Î°Ø°Û°Ïİ´İÍß×°,0,0,26
ÎŞ²½Ş¨°ÎŞ°²,0,0,42
ÎŞ³ÌßØİ½,0,0,43
ÎŞ¸ÆÓÕÒÊ±Ù,0,0,46
ÎŞ½ÄÆ±İ,0,0,45
ÎŞ½ÄİÊ°ÊŞ°,0,0,47
ÎŞİÓ°,0,0,59
ÎŞ°ÙÄŞ×¯ÄŞ,5,3,47
ÎŞ°ÙÄŞØ¯¸,0,0,40
ÎŞ°ÙÄŞÙ°×°,5,2,47
Îß¯¾,0,0,27
ÎßÏ°ÄŞÌ§Ùºİ,0,0,46
ÎßØ¯¸,0,0,56
ÎßØ¯¼­È²ËŞ°,0,0,26
Ï²½ÜÛ°,0,0,18
Ï²Æİ¸Ş,0,0,54
Ï²ÈÙ½À°Ø°,0,0,37
Ï²ÈÙ¾Ú¸Ä,0,0,54
Ï²ÈÙÌŞØ¯¼Ş,0,0,25
Ï²ÈÙ×³Ş,0,0,54
Ï²ÈÙÚºÙÄ,0,0,26
Ï²ÈÙÚ°Æ±,0,0,46
Ï²Ø°¼Ş¬İ,9,2,49
Ï³İÄØÊŞ°Ó±,0,0,55
Ï¶Ë·,0,0,46
Ï¶ÍŞÉÁª°İ,0,0,19
Ï·¬ÍŞØ±İ,0,0,54
Ï¸ŞÆÃ­°ÄŞ,0,0,25
Ï¸ŞÛÉ¶²À²,0,0,46
Ï»×¯·,0,0,25
Ï¼Şª½Ã¨¯¸ÌßØİ½,0,0,54
Ï¼Ş¶Ù¶²ÊŞËŞ°Ñ,0,0,37
Ï¼ŞİÌßÛ½Êß°,0,0,37
Ï½À°¸×ÌÂÏİ,0,0,26
Ï½Ş²Ï½Ş²³Ï²,0,0,42
ÏÀÄŞ±,0,0,2
ÏÁ¶È²Ü¼Ğ½Ş,0,0,42
ÏÁ¶È·İÉÎ¼,0,0,47
ÏÁ¶ÈÌ¸·ÀÙ,0,0,55
Ï¯¸Û»·°,0,0,49
Ï¯Á³«İ,0,0,17
Ï¯Á®³É,0,0,30
ÏÂØÀŞºŞ¯Î,0,0,46
ÏÃ¨Ø±Ù,0,0,49
ÏÅ°ÄŞ,0,0,57
ÏÔÉÄ¯Ìß¶Şİ,0,0,46
ÏØÌŞÑ°İ,0,0,47
ÏØ°É,0,0,59
ÏÙ¾Şİ½·°,3,0,26
ÏÙÀ°½Ş±Îß¼Ş°,0,0,26
ÏÛÂÄ,0,0,53
ÏİÃŞ­Û,0,0,39
ÏİÃŞ°»²Úİ½,0,0,46
ÏİÊ¯Àİ¶Ìª,0,0,46
Ï°¸µÌŞÃŞ¨½Ã¨İ¸¼®İ,0,0,1
Ï°¼°½Ş×ÌŞ,0,0,47
Ï°ÍŞ×½»İÃŞ°,0,0,46
Ï°Ñ°ÄŞ,3,0,44
Ğ¼´Û,0,0,54
Ğ¼¼¯Ëß±İ,0,0,5
Ğ¼Ù,0,0,54
Ğ½À°¼°ËŞ°,0,0,42
Ğ½À°ÌŞ×İÃŞ¨,0,0,31
Ğ½À°ÌßÛ½Íß¸À°,3,2,54
Ğ½ÃØ°,0,0,49
Ğ½Ü·,3,0,54
Ğ½ŞİÏ½Ä,0,0,37
Ğ¿ÉÌŞÙÎŞİ,0,0,25
Ğ¯·°±²Ù,0,0,46
Ğ¯·°Û¹¯Ä,0,0,54
ĞÅĞÎÏÚ,0,0,39
ĞÊÙµ°,0,0,51
ĞÎ¼İ»Şİ,0,0,48
ĞÎÉÌŞÙÎŞİ,0,0,25
ĞÏÓÙ±²Ó±ÙXX,0,0,47
Ğ×¸Ù±ÄŞÏ²Ô,0,0,13
Ğ×Á®ºÄŞ°ÅÂ,0,0,46
ĞØÀØ°¼®¯Ä,0,0,17
ĞÙ¼Ş®°¼Ş,0,0,25
ĞÙØ°Ì,3,4,25
Ğİ¼µ,0,0,56
Ğİ½·°,0,0,26
ÑÀÌ§°³´¸,0,0,46
Ñ¯¼­¼ª¸Ù,0,0,46
ÑÄÄ,0,0,44
Ñ°Á®Ï¯Á®Ïİ,0,0,30
Ñ°Ã¨´,0,0,41
Ñ°ËŞ°½À°,0,0,31
Ñ°İ×²ÄÊßÚ½,0,0,26
Ò²¼®³¸µØ±,0,0,46
Ò²¼®³»Ñ¿İ,0,0,26
Ò²¼®³ÄŞÄ³,0,0,26
Ò²¼®³ÎŞ°×°,0,0,46
Ò²¾²µÍß×,0,0,26
Ò²Ò²¹İ,0,0,46
Ò¼ŞÛ±»Ï,0,0,49
Ò¼ŞÛ±ÙÀŞİ,0,0,26
Ò¼ŞÛ²°¸ŞÙ,0,0,43
Ò¼ŞÛ»İÏİ,4,0,43
Ò¼ŞÛÃ¨À°İ,0,0,49
Ò¼ŞÛÃŞ­×İ,0,0,17
Ò¼ŞÛÃŞ­Úİ,0,0,17
Ò¼ŞÛÊß°Ïİ,0,0,43
Ò¼ŞÛÊß°Ï°,0,0,43
Ò¼ŞÛÌŞ×²Ä,0,0,26
Ò¼ŞÛÏ¯¸²°İ,4,0,49
Ò¼ŞÛÏ¯º²°İ,0,0,49
Ò¼ŞÛÑ»¼,0,0,32
Ò¼ŞÛÖÙÀŞİ,0,0,26
Ò¼ŞÛ×²±İ,0,0,26
Ò¼ŞÛ×²µİ,0,0,26
ÒÀŞ¸ŞØ±ÄŞ°Û,0,0,26
ÒØÃŞ¨Û¸¾²,0,0,54
ÒØ°Å²½,0,0,26
ÒİÃŞ½,0,0,26
Ó±»ŞİÚÃŞ¨,0,0,46
Ó¶ŞĞ,0,0,26
Ó¸ŞÓ¸ŞÊß¸Êß¸,0,0,46
ÓÁ,0,0,37
ÓÃŞÙÌ°Ù,0,0,19
ÓÊËŞ,0,0,6
ÓÊŞØ¯½Ş,0,0,4
Óİ¼Ş¬°,0,0,26
Óİ¼Ş­°,2,0,26
Óİ½Ş°İ,3,0,39
ÓİÀ³Ş§Ù,0,0,39
ÓİÃÌßØİ½,0,0,10
ÓİÄÌŞÙ¯¸,0,0,19
Ó°Æİ,0,0,26
Ó°Æİ¸ŞÌÛ°Ø¯¸,0,0,10
Ó°Ø½,0,0,46
Ô´ÉÑÃ·,0,0,26
Ô»¶,0,0,50
Ô¼ÏÏİÅ,0,0,39
ÔÌŞ·Ï²¶¸Ş×,0,0,46
ÔÏ¶Â´°½,0,0,54
ÔÏÆİ½·°,0,0,26
ÔÏÆİ¾ŞÌ§°,0,0,28
ÔÏĞİ¾ŞÌ§°,0,0,28
Õ±Ê²È½,0,0,50
Õ³·­³,0,0,26
Õ·µ°,0,0,53
ÕÍŞ¼,0,0,53
Õ°¾²Ä¯Ìß×İ,0,0,25
Õ°ÄËß±,0,0,54
Ö²ÉÑÃ·,0,0,26
ÖÄŞË°Û°,0,0,2
ÖÊÈ½ÌŞÙ¸Ş,0,0,26
Öİ¼­³Èİ·Èİ,0,0,42
ÖİÃİºŞ·Èİ,0,0,30
×²¼Şİ,0,0,2
×²¼Şİ¸ŞÌÚ°Ñ,9,2,2
×²¼Şİ¸Ş×²Ä,0,0,27
×²½¼¬Ü°,0,0,46
×²ÄµÌŞ´İÄŞ,0,0,53
×²Ì¼¬Ü°,0,0,46
×²×Ø¯¼Ş,0,0,26
×²İºŞ°ÙÄŞ,0,0,42
×³İÄŞÃ°ÌŞÙ,6,4,40
×¼±İÙ°ÌŞÙ,0,0,26
×½¶Ù½½Ş¶,0,0,26
×½Ä²İÊß¸Ä,0,0,46
×½ÄÀ²¸°İ,0,0,26
×¯·°·¬½Ä,0,0,18
×¯·°¿ÌŞØİ,0,0,26
×Ã¨Ì¨¹²¼®İ,0,0,36
×ÃŞ¨¶Ş,0,0,53
×Å°¸,0,0,8
×ÊŞ°¼Ş®İ,0,0,17
×Êß½,0,0,18
×Ì¨İºŞ×,0,0,8
×ÌŞ±À¯¸¼®º×,0,0,46
×ÌŞØ°ÃŞ²,0,0,54
×ÑÀ×,0,0,26
×İ»Ş¶ŞİÄÚ¯Ä,4,0,53
×İÆİ¸ŞÌØ°,0,0,9
×³Ş§İÀŞİ,0,0,2
×³ŞÚ½,0,0,46
×°²,0,0,55
×°¸½Êß°,0,0,24
Ø±Ì§İ,0,0,46
Ø±Ù²İÊß¸Ä,0,0,46
Ø±Ù¼¬ÀŞ²,0,0,46
Ø±Ù½Ã¨°Ù,0,0,46
Ø²Ì«°,0,0,26
ØµİÃŞ¨°½Ş,0,0,54
Ø·±²À²¶İ,0,0,54
ØÀŞ³ÂÁ®²½,0,0,26
ØÂİÀ²¸°İ,0,0,26
ØÌ§°½Ş½Íß¼¬Ù,0,0,26
ØÌ§°Ù,2,0,26
ØÍŞØİ¸Ş×ÌŞ,0,0,54
ØÍŞÛ,0,0,53
ØÏİÄŞ,0,0,44
Ø­Ã¨´,7,1,7
Ø×²±İ½,0,0,17
ØÛ°İÁ,0,0,1
ØÜ²ÙÃŞ¨İ¸Ş,0,0,26
Øİ¶°İ,0,0,46
ØİÄŞ¼ª°ÊŞ°,0,0,54
ØİÄŞÎ¼,0,0,36
ØİÎŞ°,0,0,51
Ø³Ş§°Ïİ,3,0,25
Ø³ŞØ±,0,0,25
Ø°Á»Ş¸×³İ,0,0,46
Ù±°³ŞÙ,0,0,55
Ù¼®İ,0,0,25
ÙÊßİ»Ş»°ÄŞ,0,0,55
Ù³Ş§İ½Ú°³Ş,0,0,46
Ù°×°µÌŞ»ŞÜ°ÙÄŞ,0,0,26
Ù°×°¼¯Ìß,0,0,54
Ù°ÙµÌŞÛ°,0,0,54
Ú±Ø°Ø°¶ŞÙ,0,0,57
Ú²¶µ°,0,0,39
Ú²ÃŞµÛ,0,0,54
Ú²Ïİ,0,0,46
Ú²İÎŞ³¸´½Ä,4,0,55
Ú²İÎŞ°±İÊŞ°,0,0,26
Ú²İÎŞ°×²İ,0,0,46
Ú²³Şİ½ŞÊß½,0,0,54
ÚµÀŞ°ÊŞİ,0,0,26
Úº°ÃŞ¨İ¸Ş,0,0,39
Ú¯ÂºŞ°À°·İ,0,0,40
Ú¯ÄŞ±×°Ä,0,0,55
Ú¯ÄŞÌ§Ù¸½,0,0,54
Ú¯ÄŞ×İ»Ñ,0,0,46
Ú¯ÄŞÛ°ÄŞ,0,0,55
ÚÓİÄŞÛ¯Ìß·¯ÄŞ,0,0,54
Û²ÔÙ±¶ÃŞĞ°,0,0,26
Û²ÔÙ½·°,0,0,47
Û²ÔÙ½½Ş¶,0,0,26
Û²ÔÙÀ¯Á,0,0,46
Û²ÔÙÁ¬ÚİÁŞ¬°,0,0,57
Û³Ïİ,0,0,26
Û¸¼­³Èİ·Èİ,0,0,42
Û¸ÃİºŞ·Èİ,0,0,30
ÛºŞÀ²Ìß,0,0,26
Û¼Ş¬°ÊŞÛ°½Ş,0,0,46
Û¼ŞÕÆ³Ş§°½,0,0,46
ÛÀŞİ,0,0,50
Û¯¸µÌŞ¼ŞÌŞ×ÙÀÙ,0,0,26
ÛÄŞØºŞÃŞÄØ±°É,0,0,26
ÛÍŞÙÄ,7,4,46
ÛĞÀ½,0,0,26
ÛÑÙ½,0,0,53
ÛÚİ»Ş¯Áµ,0,0,7
Ûİ¸Ş´°½,0,0,34
Û°´İ¸ŞØİ,0,0,26
Û°¼Ş½Ş²İÒ²,0,0,46
Û°½Ş·İ¸ŞÀŞÑ,0,0,54
Û°¾Şİ¶ÊŞØ°,0,0,46
Û°¾Şİ¸Û²Â,0,0,46
Û°ÄŞ±ÙÃ¨Ï,0,0,54
Û°ÄŞ¶ÅÛ±,0,0,54
Û°ÄŞØ°¼Ş,0,0,9
Û°ÚÙ¹ŞÚ²Û,0,0,26
Ü²½Ş¶³İ¾×°,0,0,53
Ü²ÙÄŞ±¹Ş²İ,0,0,21
Ü²ÙÄŞ×¯¼­,0,0,21
Ü²ÙÄŞØ½¸,4,0,59
Ü²ÙÄŞÜİÀŞ°,0,0,46
Ü¸ŞÈØ±İ,0,0,46
Ü×ËŞ°,0,0,32
Üİ±İÄŞµİØ°,0,0,46
ÜİÀŞ°±·­°Ä,0,0,26
ÜİÌ«°µ°Ù,0,0,26
ÜİÓ±×²ÌŞ,0,0,2
Ü°¸Ì«°½,0,0,54
Ü°¼ŞÌŞ,0,0,26
Ü°ÙÄŞ´°½,0,0,46
³Ş§²½Ø°¶ŞÙ,0,0,26
³Ş§²½Ø°¼ŞªİÄ,3,2,26
³Ş§Ø²Ì«°¼Ş­,0,0,36
³Ş§İ¾İÇ,0,0,46
³Ş§°ĞØ±İ,0,0,54
³Ş¨´Å,8,4,5
³Ş¨¸ÄÜ°ÙËß»,0,0,46
³Ş¨Ğ°,8,4,59
³Ş²°É°ËßÕÛ°,0,0,45
³Şª²¸ŞØ°É°ÌŞÙ,4,0,5
³Şª¶Ş,0,0,55
³ŞªİÁ±,8,3,56
³Ş«Ù¼ª°ÌŞ,0,0,46
‘å–Q,0,0,2
Œ—F,0,0,51
