±°¶²ËŞİ¼ŞØ±,,Ú¯ÄŞºŞ¯ÄŞ,,,,,¸ŞÙ°ÑÀŞİ»°,ÌŞ×¯¼İ¸Ş¸ŞÙ°Ñ,É°»ŞİÃ°½Ä,Red God,ØÌ§°Ù,É°»ŞİÀŞİ»°,´Ù¾İÀ³Û,Nasrullah,Ü²ÙÄŞØ½¸,É°»ŞİÀŞİ»°,Violon d'Ingres,Nearctic,Victoria Park,Sideral,Never Say Die
±°¹°ÄŞ¸²°İ,,É°»ŞİÀŞİ»°,,,,,Ì»²Á¿Æ¯¸,ÃŞ²İËÙ,Ìß×¸ŞÄŞÆ¯¸Ù,ÀŞİÁË,Beldale Flutter,·°Ä©»ŞĞİÄ,³Şª²¸ŞØ°É°ÌŞÙ,É°»ŞİÀŞİ»°,Ë½ŞÏ¼Şª½Ã¨,Accipiter,Djakao,¸ŞÛ°½À°¸,ÊŞ¯¸Êß»°,³Ş¨´Å,Honeys Alibi
±°½¸Û¯¸,,Ú²½Ş±È²Ã¨³Ş,,,,,´İÄŞ½³¨°Ìß,Ì«°Ã¨Å²Å°,»İÃŞ°»²Úİ½,Ğ½À°ÌßÛ½Íß¸À°,Dance Spell,Í²Û°,»ÄŞ×°½Ş³ªÙ½Ş,Raise a Native,ÄÑÛÙÌ,É°»ŞİÀŞİ»°,Thinking Cap,Í²ÙÄ©Ø°½Şİ,±İÀŞ°½ÀİÃŞ¨İ¸Ş,É°»ŞİÀŞİ»°,²İ¸ŞØ¯¼­ÌßØİ½
±°ÉÙÍÙÁª,,ÊËŞÀ¯Ä,,,,,ÔÏÆİ¾ŞÌ§°,ÆÎİËßÛ³²Å°,×¯·°¿ÌŞØİ,½Ã¨°ÙÊ°Ä,ÌŞ×¯¼İ¸Ş¸ŞÙ°Ñ,Æ¼Şİ½·°,Le Fabuleux,ÊËŞÀ¯Ä,Á¬²ÅÛ¯¸,Red God,¶Ş°»İÄ,É°»ŞİÀŞİ»°,Pardao,Ü²ÙÄŞØ½¸,Blockhaus
±°ÊŞİ¼°,,Ú²½Ş±È²Ã¨³Ş,,,,,Ğ½Ü·,Ğ½À°ÌßÛ½Íß¸À°,Lombard,Raise a Native,ÊŞ¯¸Êß»°,agio,Espresso,È²Ã¨³ŞÀŞİ»°,Å¼­±,Tom Fool,Princequillo,Tantieme,Prince Chevalier,Acropolis,Birkhahn
±°ÓİÄŞ±²,,Ú²½Ş±È²Ã¨³Ş,,,,,Û°ÄŞ¶ÅÛ±,·İ¸Ş¶ÒÊÒÊ,»İÃŞ°»²Úİ½,·İ¸ŞÏİÎŞ,½Ä°Ñ·¬¯Ä,Í²Û°,ÇÚ²´Ì,Ğ½À°ÌßÛ½Íß¸À°,×½ÄÀ²¸°İ,½Ä°ÑÊŞ°ÄŞ,Cormorant,Í²ÙÄ©Ø°½Şİ,±İÀŞ°½ÀİÃŞ¨İ¸Ş,É°»ŞİÀŞİ»°,ÊŞ¯¸Êß»°
±²¼ÃÏ°½,,ÄÑÌ°Ù,,,,,Ã¨ÑÀÑ,Tom Fool,Khaled,Menow,Bull Lea,Ê²ÍßØµİ,War Relic,Pharamond,Bull Dog,Bull Dog,The Porter,Gainsborough,Ethnarch,Man o'War,Ï°Ñ°ÄŞ
±²½»²ÚİÄ,,É°»ŞİÀŞİ»°,,,,,ÀÊŞ½º·¬¯Ä,½Ä°Ñ·¬¯Ä,¼°·İ¸Ş»ŞºŞ°ÙÄŞ,½Ä°ÑÊŞ°ÄŞ,Sauce Boat,Ğ½À°ÌßÛ½Íß¸À°,ÇÚ²´Ì,É°»ŞİÀŞİ»°,¾¸ÚÀØ±Ä,·°Ä©»ŞĞİÄ,Barbizon,Raise a Native,ÊŞ¯¸Êß»°,É°»ŞİÀŞİ»°,Ë½ŞÏ¼Şª½Ã¨
±²ÑÌ§³İÀŞ°,,É°»ŞİÀŞİ»°,,,,,É°»ŞİÃ°½Ä,É°»ŞİÀŞİ»°,Crafty Prospector,Nearctic,Victoria Park,Ğ½À°ÌßÛ½Íß¸À°,¾¸ÚÀØ±Ä,È±Ùº,È²Ã¨³ŞÀŞİ»°,Chop Chop,Ê²ÍßØµİ,Raise a Native,²İØ±ØÃ¨,ÎŞ°ÙÄŞÙ°×°,ÊŞ¯¸Êß»°
±²ÑÎ°Ñ,,ÌßØİ½Ø°·ŞÌÄ,,,,,»¸×ÊŞ¸¼İµ°,»¸×ÕÀ¶µ°,¼ª²ÃŞ¨Ê²Â,Ã½ºÎŞ°²,É°»ŞİÃ°½Ä,¼¬°Ø°Ê²Â,Ó¶ŞĞ,Princely Gift,È³Ş§°ËŞ°Ä,É°»ŞİÀŞİ»°,Ambiopoise,ĞÙØ°Ì,Bold Lad,ØÌ§°Ù,ÏÙ¾Şİ½·°
±²×ÌŞ´İÊŞ¸,,Ú²½Ş±È²Ã¨³Ş,,,,,Ï²ÈÙ×³Ş,¼°·İ¸Ş»ŞºŞ°ÙÄŞ,ÌŞÚ²³Şª½ÄÛ°Ïİ,Ğ½À°ÌßÛ½Íß¸À°,Ø²Ì«°,Never Bend,ÊŞ°ÊŞ°,Raise a Native,ÊŞ¯¸Êß»°,ØÌ§°Ù,¾¸ÚÀØ±Ä,Nasrullah,Roman,Princely Gift,×²¼Şİ¸ŞÌÚ°Ñ
±²Ø¯¼­ØØ°,,Ú²½Ş±È²Ã¨³Ş,,,,,È²´Ì,¶ŞÙÁ,snippets,Ğ½À°ÌßÛ½Íß¸À°,ÊŞ½Ã¨É,lunchtime,canny lad,Raise a Native,Rambunctious,ÊŞ½Ã¯ÄŞ,Queen's Hussar,Silly Season,grand chaudiere,bletchingly,ÄÛÒµ
±·É¶´ÃŞ,,Ú²½Ş±È²Ã¨³Ş,,,,,Mr.Greeley,ºŞ°İ³ª½Ä,½Ù°µºŞ°ÙÄŞ,Ğ½À°ÌßÛ½Íß¸À°,Reviewer,¼±ÄÙ½Ù°,É°»ŞİÀŞİ»°,Raise a Native,¾¸ÚÀØ±Ä,ÎŞ°ÙÄŞÙ°×°,ÀŞİ»°½Ş²Ò°¼Ş,Bold Reasoning,ÊŞ¯¸Êß»°,Nearctic,Rough'n Tumble
±¸±¼¬İÃ¨°,,Í²ÙÄ©Ø°½Şİ,,,,,Arch,¸Ø½´½,Unbridled,ÛÍŞÙÄ,ÀŞİÁË,Ì§Ëß±É,Æ¼Şİ½·°,Í²ÙÄ©Ø°½Şİ,Princequillo,É°»ŞİÀŞİ»°,±ØÀŞ°,Ğ½À°ÌßÛ½Íß¸À°,Le Fabuleux,É°»ŞİÀŞİ»°,Charlottesville
±¸±ÄŞØ¯Ìß,,Í²ÙÄ©Ø°½Şİ,,,,,Ø±Ì§İ,ÛÍŞÙÄ,Rubiano,Í²ÙÄ©Ø°½Şİ,Lt.Stevens,Ì§Ëß±É,ÌŞ×¯¼İ¸Ş¸ŞÙ°Ñ,Turn-to,Å¼­±,Nantallah,War Admiral,Ğ½À°ÌßÛ½Íß¸À°,Æ¼Şİ½·°,Red God,Swaps
±¸¾½Ï¯Ìß,,Ú²½Ş±È²Ã¨³Ş,,,,,´ÙºİÄŞÙÊß»°,·İ¸ŞÏİÎŞ,»İÃŞ°»²Úİ½,Ğ½À°ÌßÛ½Íß¸À°,»ÄŞ×°½Ş³ªÙ½Ş,Í²Û°,É°»ŞİÃ°½Ä,Raise a Native,ÇÚ²´Ì,É°»ŞİÀŞİ»°,¼±ÄÙ½Ù°,Í²ÙÄ©Ø°½Şİ,±İÀŞ°½ÀİÃŞ¨İ¸Ş,É°»ŞİÀŞİ»°,¶Ş°»İÄ
±¼¹Ş¼®³¼Ş®,,Ú²½Ş±È²Ã¨³Ş,,,,,´ÙºİÄŞÙÊß»°,·İ¸ŞÏİÎŞ,Fabulous Dancer,Ğ½À°ÌßÛ½Íß¸À°,»ÄŞ×°½Ş³ªÙ½Ş,É°»ŞİÀŞİ»°,Kaldoun,Raise a Native,ÇÚ²´Ì,É°»ŞİÀŞİ»°,¼±ÄÙ½Ù°,Nearctic,The Axe,¶Û,Carvin
±¼İÒÄØ°,,Ì«ÙÃ¨É,,,,,Tejano Run,tejano,Lord Gaylord,¶Û,Wavering Monarch,Sir Gaylord,Sauce Boat,Ì«ÙÃ¨É,Exclusive Native,Majestic Light,¸ŞØ°İÀŞİ»°,Turn-to,Ambiorix,·°Ä©»ŞĞİÄ,Barbizon
±½ÄİÏ°Á¬İ,,Ì«ÙÃ¨É,,,,,±ÄŞÏ²Ôº¼Ş°İ,º¼Ş°İ,³¯ÄŞÏİ,¶Û,É°»ŞİÃ°½Ä,Ğ½À°ÌßÛ½Íß¸À°,Northfields,Ì«ÙÃ¨É,Prince John,É°»ŞİÀŞİ»°,Ä×²ÊŞÙÁ°Ì,Raise a Native,ÊŞ¯¸Êß»°,É°»ŞİÀŞİ»°,Tapioca
±¾İÌŞÙÁªØ°,,Ú²½Ş±È²Ã¨³Ş,,,,,Ì»²ÁÍß¶Ş»½,Ğ½À°ÌßÛ½Íß¸À°,Lost Code,Raise a Native,ÀŞİÁË,Codex,Flying Paster,È²Ã¨³ŞÀŞİ»°,Å¼­±,É°»ŞİÀŞİ»°,Í²Û°,±°Â±İÄŞÚÀ°½Ş,±¸±¸,Gummo,Never Bend
±¯Ìß½Ã²Ä,,É°»ŞİÀŞİ»°,,,,,±»Ã¨½,Topsider,¶Â×·Ş´°½,É°»ŞİÀŞİ»°,¸ŞÛ°½À°¸,ÎŞ²½Ş¨°ÎŞ°²,Á¬²ÅÛ¯¸,Nearctic,×³İÄŞÃ°ÌŞÙ,Ribot,ÊŞ¯¸Êß»°,King's Troop,³ŞªİÁ±,Rockefella,ËİÄŞ½Àİ
±ÄŞÏ²Ô¸ŞÙ°³Ş,,Í²ÙÄ©Ø°½Şİ,,,,,»İÃŞ°»²Úİ½,Í²Û°,ÄÆ°ËŞİ,Í²ÙÄ©Ø°½Şİ,±İÀŞ°½ÀİÃŞ¨İ¸Ş,¶İÊß×,É°»ŞİÃ°½Ä,Turn-to,Cosmic Bomb,Promised Land,Montparnasse,¶×Ñ°İ,Hornbeam,É°»ŞİÀŞİ»°,¶Ş°»İÄ
±Æµİ·Ş¬¯Ìß,,Ú²½Ş±È²Ã¨³Ş,,,,,Lycius,Ğ½À°ÌßÛ½Íß¸À°,»ÄŞ×°½Ş³ªÙ½Ş,Raise a Native,ØÌ§°Ù,É°»ŞİÀŞİ»°,³Şª²¸ŞØ°É°ÌŞÙ,È²Ã¨³ŞÀŞİ»°,Å¼­±,É°»ŞİÀŞİ»°,Ê²Ê¯Ä,Nearctic,Bold Reason,³Ş¨´Å,Reviewer
±ÊßÊßÈ,,Ú²½Ş±È²Ã¨³Ş,,,,,·İ¸Ş¶ÒÊÒÊ,·İ¸ŞÏİÎŞ,Salt Lake,Ğ½À°ÌßÛ½Íß¸À°,×½ÄÀ²¸°İ,ÃŞËß­Ã¨ĞÆ½À°,Spectacular Bid,Raise a Native,ÇÚ²´Ì,Ä×²Ï²ÍŞ½Ä,Blakeney,³Ş§²½Ø°¼ŞªİÄ,Queen City Lad,Bold Bidder,Hard Work
±ËŞ½ÏÙ×³Ş§°,,É°»ŞİÀŞİ»°,,,,,×ÑÀ×,Æ¼Şİ½·°,Ï¸ŞÆÃ­°ÄŞ,É°»ŞİÀŞİ»°,ÌŞ×¯¼İ¸Ş¸ŞÙ°Ñ,ĞÙØ°Ì,ºİÄ×²Ä,Nearctic,ÌŞÙÍß°¼Ş,Red God,Snow Knight,Never Bend,¾İÄ¸Ú½Ëßİ,Never Say Die,¶ÊŞ°×¯Ìß“ñ¢
±ÏÉº¶ŞÈÓÁ,,ÎŞ°ÙÄŞÙ°×°,,,,,ÎŞ°ÙÄŞÙ°×°,Nasrullah,¾İÄ¸Ú½Ëßİ,È±Ùº,Discovery,Aureole,¸ÚÍßÛ,Pharos,Blenheim,Display,Pompey,Ê²ÍßØµİ,È±Ùº,Donatello,Blue Peter
±ÏÉÆ±Ï´ÙÉ,,ÎŞÜÙ¾Ù,,,,,Underwood,Bois Roussel,Blue Larkspur,Vatout,Cameronian,Black Servant,Teddy,Prince Chimay,Spearmint,Pharos,Tetratema,Black Toney,North Star,Ajax,Helicon
±ÏÙÃ±¿İ¸Ş,,ÊİÌßÄİ,,,,,Ìß×Ã¨Æ,Surumu,Sure Blade,Literat,Stanford,Kris,Konigsstuhl,Birkhahn,Ø×²±İ½,Red God,Northfields,¼¬°Íßİ±¯Ìß,Home Guard,Dschingis Khan,Bacchus
±×Ó°ÌßØÓ,,Ú²½Ş±È²Ã¨³Ş,,,,,´İÄŞ½³¨°Ìß,Ì«°Ã¨Å²Å°,ÑÄÄ,Ğ½À°ÌßÛ½Íß¸À°,Dance Spell,ÊŞ½Ã¯ÄŞ,Great Nephew,Raise a Native,ÄÑÛÙÌ,É°»ŞİÀŞİ»°,Thinking Cap,¸ÚÍßÛ,Ğİ¼µ,Honeyway,¸ŞÛ°½À°¸
±Ù¶¼Öİ,,Í²ÙÄ©Ø°½Şİ,,,,,ÌŞ×²±İ½ŞÀ²Ñ,ÛÍŞÙÄ,É°»ŞİÀŞİ»°,Í²ÙÄ©Ø°½Şİ,¸ŞÛ°½À°¸,Nearctic,²İØ±ØÃ¨,Turn-to,Å¼­±,Ribot,Hasty Road,È±Ùº,È²Ã¨³ŞÀŞİ»°,Intentionally,Dedicate
±ÙÊŞÄ°Ù,,Æ±°¸Ã¨¯¸,,,,,Ä×İ¾İÄŞ,Ü²ÙÄŞ×¯¼­,µ¼Ş¼Ş±İ,Ü²ÙÄŞ±¹Ş²İ,ÄÆ°ËŞİ,ÀŞÏ½¶½,ÏÙ¾Şİ½·°,±²½¶Íß²ÄŞ,Ìß×¸ŞÄŞÆ¯¸Ù,¶İÊß×,½ØÙ¼®°,¿°ÄŞÀŞİ»°,Francis S.,Æ¼Şİ½·°,ÎŞ°ÙÄŞØ¯¸
±ÛÏÊßÚ°ÄŞ,,ØÎŞ°,,,,,½À°Ïİ,Ü²½Ş¶³İ¾×°,Ä³¶²Ã²µ°,±Ú¯¼ŞÄŞ,ÀŞİÃŞ¨Ù°Ä,¼İÎŞØÙÄŞÙÌ,³Ş§Ø²Ì«°¼Ş­,Hoist the Flag,Raise a Native,Ø­Ã¨´,¸ŞÚ²ÓÅ°¸,Êß°¿Ûİ,Å²½ÀŞİ»°,ÍßÃ¨İºŞ,ÀŞ²±ÄÑ
±İ¼Ş­ÃŞ¼Ş°Ù,,Í²ÙÄ©Ø°½Şİ,,,,,ÃŞ¨°Ìß²İÊß¸Ä,»İÃŞ°»²Úİ½,ÌÚİÁÃŞËß­Ã¨,Í²Û°,±Ù»Şµ,ÃŞËß­Ã¨ĞÆ½À°,Crafty Prospector,Í²ÙÄ©Ø°½Şİ,±İÀŞ°½ÀİÃŞ¨İ¸Ş,ØÌ§°Ù,ÊŞ½Ã¯ÄŞ,³Ş§²½Ø°¼ŞªİÄ,Hold Your Peace,Ğ½À°ÌßÛ½Íß¸À°,ÌŞ×¯¼İ¸Ş¸ŞÙ°Ñ
±İÌª±ÃŞ¯·,,Í²ÙÄ©Ø°½Şİ,,,,,»İÃŞ°»²Úİ½,Í²Û°,¼¬°Ø°Ê²Â,Í²ÙÄ©Ø°½Şİ,±İÀŞ°½ÀİÃŞ¨İ¸Ş,ĞÙØ°Ì,ØÌ§°Ù,Turn-to,Cosmic Bomb,Promised Land,Montparnasse,Never Bend,Ê°ÃŞ¨¶Ç°Ä,É°»ŞİÀŞİ»°,¾¸ÚÀØ±Ä
±İÌÚ°³Ş,,É°»ŞİÀŞİ»°,,,,,±İÊŞ°¼¬ÀŞ²,É°»ŞİÃ°½Ä,Dominion,É°»ŞİÀŞİ»°,Ambiopoise,Derring-Do,Blakeney,Nearctic,Victoria Park,Ambiorix,Gallant Man,Darius,Princely Gift,Hethersett,March Past
±İÖ¶Ş¼Ş®³½Ş,,É°»ŞİÀŞİ»°,,,,,ÀŞ²ÅÚÀ°,É°»ŞİÃ°½Ä,ÏÙ¾Şİ½·°,É°»ŞİÀŞİ»°,±°Â±İÄŞÚÀ°½Ş,Æ¼Şİ½·°,Delta Judge,Nearctic,Victoria Park,Ribot,Ì«ÙØ,É°»ŞİÀŞİ»°,ÊŞ¯¸Êß»°,Traffic Judge,Djeddah
²°×²»Ş,,É°»ŞİÀŞİ»°,,,,,Á°Ì½Ş¸×³İ,ÀŞİÁË,·°Ä©»ŞĞİÄ,É°»ŞİÀŞİ»°,¾¸ÚÀØ±Ä,¸ŞÛ°½À°¸,Cornish Prince,Nearctic,Admiral's Voyage,ÎŞ°ÙÄŞÙ°×°,Swoon's Son,Ribot,Princequillo,ÎŞ°ÙÄŞÙ°×°,T.V.Lark
²´Û°³¨İ¸Ş,,Í²ÙÄ©Ø°½Şİ,,,,,»Æ°ÌŞ×²±İ,ÌŞ×²±İ½ŞÀ²Ñ,ÄÆ°ËŞİ,ÛÍŞÙÄ,½²ÌÄ½ÜÛ°,¶İÊß×,ÏÅ°ÄŞ,Í²ÙÄ©Ø°½Şİ,¸ŞÛ°½À°¸,É°»ŞİÀŞİ»°,Ì§ÊŞ°¼Ş,¶×Ñ°İ,Hornbeam,Captain's Gig,É°»ŞİÃ°½Ä
²´Û°½°Â,,Ú²½Ş±È²Ã¨³Ş,,,,,½·¬À°»ŞºŞ°ÙÄŞ,Ğ½À°ÌßÛ½Íß¸À°,ÃŞ²¼Ş­°Ù,Raise a Native,ÀŞİÁË,ÀŞİÁË,Filiberto,È²Ã¨³ŞÀŞİ»°,Å¼­±,É°»ŞİÀŞİ»°,Smarten,É°»ŞİÀŞİ»°,Ğ½À°ÌßÛ½Íß¸À°,Ribot,ÊËŞÀ¯Ä
²¸ÉÃŞ¨¸À½,,Ì§²İÄ¯Ìß,,,,,ÃŞ¨¸À½,Sanctus,É°»ŞİÃ°½Ä,Fine Top,Worden,É°»ŞİÀŞİ»°,First Landing,Fine Art,Tourment,Ü²ÙÄŞØ½¸,Bozzetto,Nearctic,Victoria Park,Turn-to,Le Pacha
²ÀØ±İÏİÏ,,É°»ŞİÀŞİ»°,,,,,ÃŞ²İËÙ,ÀŞİÁË,ØÌ§°Ù,É°»ŞİÀŞİ»°,Ë½ŞÏ¼Şª½Ã¨,É°»ŞİÀŞİ»°,±Ú¯¼ŞÄŞ,Nearctic,Admiral's Voyage,Ribot,ÊŞ¯¸Êß»°,Nearctic,º°ÄÏ°¼¬Ù,Hoist the Flag,Ü²ÙÄŞØ½¸
³Ş§°¼ŞİËŞ°Ä,,Ï²ÊŞÌŞ°,,,,,¼İÎŞØÙÄŞÙÌ,Êß°¿Ûİ,Fabulous Dancer,Ï²Ø°¼Ş¬İ,½Ëß°ÄŞ¼İÎŞØ,É°»ŞİÀŞİ»°,Abdos,My Babu,Pharis,Û²ÔÙÁ¬ÚİÁŞ¬°,Palestine,Nearctic,The Axe,Arbar,Ticino
³Ş§°¼ŞİÏØ°,,É°»ŞİÀŞİ»°,,,,,ÃŞ²İËÙ,ÀŞİÁË,Averof,É°»ŞİÀŞİ»°,Ë½ŞÏ¼Şª½Ã¨,Sing Sing,Major Portion,Nearctic,Admiral's Voyage,Ribot,ÊŞ¯¸Êß»°,Tudor Minstrel,È±Ùº,º°ÄÏ°¼¬Ù,Ribot
³Ş§²µÊ°Ä,,ØÎŞ°,,,,,ÊŞİÌŞ°ËŞ·Şİ,ÊŞİÌŞ°±Ä×½,¼±ÄÙ½Ù°,¼ŞÑÌÚİÁ,É°»ŞİÃ°½Ä,Bold Reasoning,±ØÀŞ°,¸ŞÛ°½À°¸,Ã½ºÎŞ°²,É°»ŞİÀŞİ»°,ÀŞ²Ê°ÄŞ,Boldnesian,Poker,Raise a Native,Crafty Admiral
³Ş§ÙÊ×¸²°İ,,Í²ÙÄ©Ø°½Şİ,,,,,»İÃŞ°»²Úİ½,Í²Û°,Îß¯¾,Í²ÙÄ©Ø°½Şİ,±İÀŞ°½ÀİÃŞ¨İ¸Ş,Ì«ÙØ,Ê²Ä¯Ìß,Turn-to,Cosmic Bomb,Promised Land,Montparnasse,Aristophanes,ÎŞ°ÙÄŞÙ°×°,Derring-Do,¾İÄ¸Ú½Ëßİ
³¨·³¨·,,É°»ŞİÀŞİ»°,,,,,ÌÚİÁÃŞËß­Ã¨,ÃŞËß­Ã¨ĞÆ½À°,Rainbow Corner,³Ş§²½Ø°¼ŞªİÄ,Hold Your Peace,Ú²İÎŞ³¸´½Ä,»»ŞİÍ²Û°,É°»ŞİÀŞİ»°,Bunty's Flight,Speak John,ÎŞ°ÙÄŞÙ°×°,ÌŞ×¯¼İ¸Ş¸ŞÙ°Ñ,Kings Lake,Í²Û°,Salt Marsh
³²Æİ¸ŞÊß½,,Ú²½Ş±È²Ã¨³Ş,,,,,¼Şª²ÄŞÛÊŞØ°,Ğ½À°ÌßÛ½Íß¸À°,ØÌ§°Ù,Raise a Native,Æ¼Şİ½·°,É°»ŞİÀŞİ»°,Riva Ridge,È²Ã¨³ŞÀŞİ»°,Å¼­±,É°»ŞİÀŞİ»°,Ì«ÙØ,Nearctic,º°ÄÏ°¼¬Ù,First Landing,O'Grady
³Ş¨ÌŞÛ½,,Í²ÙÄ©Ø°½Şİ,,,,,ÃŞ¨°Ìß²İÊß¸Ä,»İÃŞ°»²Úİ½,Ï·¬ÍŞØ±İ,Í²Û°,±Ù»Şµ,Ğ½À°ÌßÛ½Íß¸À°,ÇÚ²´Ì,Í²ÙÄ©Ø°½Şİ,±İÀŞ°½ÀİÃŞ¨İ¸Ş,ØÌ§°Ù,ÊŞ½Ã¯ÄŞ,Raise a Native,Í²Û°,É°»ŞİÀŞİ»°,ÌŞ×¯¼İ¸Ş¸ŞÙ°Ñ
³¨Ø±ÑÁ®º,,É°»ŞİÀŞİ»°,,,,,Ò¼ŞÛ×²±İ,±İÊŞ°¼¬ÀŞ²,Ø³Ş§°Ïİ,É°»ŞİÃ°½Ä,Ò¼ŞÛ»İÏİ,Never Bend,Time Tested,É°»ŞİÀŞİ»°,Ambiopoise,Charlottesville,½É¯ÌŞ,Nasrullah,Prince John,Better Self,±ÜÊŞÌŞ°
³¨Ù³°Ïİ,,Ú²½Ş±È²Ã¨³Ş,,,,,Zafonic,ºŞ°İ³ª½Ä,»ÄŞ×°½Ş³ªÙ½Ş,Ğ½À°ÌßÛ½Íß¸À°,»ŞĞİ½ÄÚÙ,É°»ŞİÀŞİ»°,Ela-Mana-Mou,Raise a Native,¾¸ÚÀØ±Ä,É°»ŞİÀŞİ»°,Right Tack,Nearctic,Bold Reason,Ëß¯Ä¶°İ,Welsh Pageant
³Ş¨Ù¼°Å,,Í²ÙÄ©Ø°½Şİ,,,,,ÃŞ¨°Ìß²İÊß¸Ä,»İÃŞ°»²Úİ½,Ï·¬ÍŞØ±İ,Í²Û°,±Ù»Şµ,Ğ½À°ÌßÛ½Íß¸À°,ÇÚ²´Ì,Í²ÙÄ©Ø°½Şİ,±İÀŞ°½ÀİÃŞ¨İ¸Ş,ØÌ§°Ù,ÊŞ½Ã¯ÄŞ,Raise a Native,Í²Û°,É°»ŞİÀŞİ»°,ÌŞ×¯¼İ¸Ş¸ŞÙ°Ñ
³¨ÙĞ±İ½,,Æ±°¸Ã¨¯¸,,,,,Favorite Trick,Ì«°İÄØ¯¸,Saratoga Six,Clever Trick,medieval man,±ØÀŞ°,wise exchange,±²½¶Íß²ÄŞ,Finnegan,Noholme,Distinctive,Raise a Native,Irish Castle,Promised Land,First Landing
³¨ÙÛ¯¸,,Í²ÙÄ©Ø°½Şİ,,,,,»İÃŞ°»²Úİ½,Í²Û°,É°»ŞİÃ°½Ä,Í²ÙÄ©Ø°½Şİ,±İÀŞ°½ÀİÃŞ¨İ¸Ş,É°»ŞİÀŞİ»°,¸ØÑ¿Şİ»Àİ,Turn-to,Cosmic Bomb,Promised Land,Montparnasse,Nearctic,Victoria Park,Spy Song,Beau Max
³²İÄŞ²İÊ°Í±,,É°»ŞİÀŞİ»°,,,,,±Ù»Şµ,ØÌ§°Ù,ÊŞ½Ã¯ÄŞ,É°»ŞİÀŞİ»°,»°±²³Ş§°,¸ÚÍßÛ,Queen's Hussar,Nearctic,º°ÄÏ°¼¬Ù,Sir Gaylord,Roman,Donatello,³Ş¨Ğ°,March Past,Borealis
³ªÃŞ¨İ¸ŞÍŞÙ,,É°»ŞİÀŞİ»°,,,,,×ÑÀ×,Æ¼Şİ½·°,L'Emigrant,É°»ŞİÀŞİ»°,ÌŞ×¯¼İ¸Ş¸ŞÙ°Ñ,»ŞĞİ½ÄÚÙ,ÌŞØ¶ŞÃŞ¨±¼Şª×°ÄŞ,Nearctic,ÌŞÙÍß°¼Ş,Red God,Snow Knight,É°»ŞİÀŞİ»°,³Şª²¸ŞØ°É°ÌŞÙ,Queen's Hussar,Nasram
³«°À°ÄŞØ¯Ìß,,É°»ŞİÀŞİ»°,,,,,Zieten,ÀŞİÁË,Red Sunset,É°»ŞİÀŞİ»°,ÊËŞÀ¯Ä,Red God,Espresso,Nearctic,Admiral's Voyage,Sir Gaylord,Tourangeau,Nasrullah,ÄİËßµİ,Acropolis,Djebe
³«°À°ÌŞÛ³,,É°»ŞİÀŞİ»°,,,,,Ó¶ŞĞ,ØÌ§°Ù,±½Üİ,É°»ŞİÀŞİ»°,Lucky Debonair,É°»ŞİÃ°½Ä,ÌßÛİÄ,Nearctic,º°ÄÏ°¼¬Ù,Vertex,Palestinian,É°»ŞİÀŞİ»°,Never Bend,Prince Taj,Ñ°Ã¨´
³µ¯¶,,Í²ÙÄ©Ø°½Şİ,,,,,ÀÆÉ·ŞÑÚ¯Ä,ÌŞ×²±İ½ŞÀ²Ñ,Ù¼®İ,ÛÍŞÙÄ,¸Ø½ÀÙÊßÚ½,Ø³Ş§°Ïİ,Ä³¼®³ÎŞ°²,Í²ÙÄ©Ø°½Şİ,¸ŞÛ°½À°¸,¶Û,Sea-Bird,Never Bend,Marshua's Dancer,Ã½ºÎŞ°²,ÀŞİÃŞ¨Ù°Ä
³Ï¶Ş±³¶×,,ØÎŞ°,,,,,ÊŞİÌŞ°±Ä×½,¼ŞÑÌÚİÁ,ÌßØİ½µÌŞÊŞ°½Ş,¸ŞÛ°½À°¸,Ã½ºÎŞ°²,½Ä°ÑÊŞ°ÄŞ,ÛÑÙ½,Ribot,Tom Fool,Princely Gift,Marsyas,É°»ŞİÀŞİ»°,·°Ä©»ŞĞİÄ,Ribot,ËİÄŞ½Àİ
³ÙÄ×»ÌŞÏØİ,,Ì§²İÄ¯Ìß,,,,,»¯¶°ÎŞ°²,ÃŞ¨¸À½,½Ã¨°ÙÊ°Ä,Sanctus,É°»ŞİÃ°½Ä,ÊËŞÀ¯Ä,ÀŞ²Ê°ÄŞ,Fine Top,Worden,É°»ŞİÀŞİ»°,Princely Gift,Sir Gaylord,Abernant,Never Say Die,ËİÄŞ½Àİ
³ÙÄ×Ìß×½,,Ú²½Ş±È²Ã¨³Ş,,,,,³¯ÄŞÏİ,Ğ½À°ÌßÛ½Íß¸À°,ÇÚ²´Ì,Raise a Native,ÊŞ¯¸Êß»°,É°»ŞİÀŞİ»°,Big Spruce,È²Ã¨³ŞÀŞİ»°,Å¼­±,Tom Fool,Swaps,Nearctic,Ì«ÙØ,´ÙÊŞ¼Şª,What a Pleasure
´±¸ŞÙ°³Ş,,¾ŞÀŞ°İ,,,,,ÄÆ°ËŞİ,¶İÊß×,É°»ŞİÃ°½Ä,¶×Ñ°İ,Hornbeam,É°»ŞİÀŞİ»°,¶Ş°»İÄ,¾ŞÀŞ°İ,µİØ°Ì«±×²Ì,Ê²ÍßØµİ,Preciptic,Nearctic,Victoria Park,Bubbles,Never Say Die
´²¼¬Ù½Ëß°ÄŞ,,»İ²İÛ°,,,,,±²È½Ì³¼Şİ,¼°Î°¸,×¯·°¿ÌŞØİ,´ÙÊŞ¼Şª,Ã½ºÎŞ°²,Æ¼Şİ½·°,Tropique,Vandale,Free Man,Princely Gift,ÓİÀ³Ş§Ù,É°»ŞİÀŞİ»°,Pardao,Fontenay,Niccolo Dell'Arca
´²¼İ»Æ°,,È³Ş§°ÍŞİÄŞ,,,,,ĞÙ¼Ş®°¼Ş,ĞÙØ°Ì,ÀŞ²±ÄÑ,Never Bend,Ragusa,Sicambre,Á¬²ÅÛ¯¸,Nasrullah,Princequillo,Ribot,Grey Sovereign,Prince Bio,Honeyway,Rockefella,Alycidon
´²¼İÊËßÈ½,,É°»ŞİÀŞİ»°,,,,,É°»ŞİÃ°½Ä,É°»ŞİÀŞİ»°,Ä×²ÊŞÙÁ°Ì,Nearctic,Victoria Park,Princely Gift,ÈÌßÃ­°Ç½,È±Ùº,È²Ã¨³ŞÀŞİ»°,Chop Chop,Ê²ÍßØµİ,Nasrullah,Petition,Neptune,¶Ş°»İÄ
´¸Ú±İÄ,,É°»ŞİÀŞİ»°,,,,,µÍß×Ê³½,»ÄŞ×°½Ş³ªÙ½Ş,Ú²İÎŞ³¸´½Ä,É°»ŞİÀŞİ»°,Ê²Ä¯Ìß,ÌŞ×¯¼İ¸Ş¸ŞÙ°Ñ,Polish Precedent,Nearctic,Bold Reason,Derring-Do,Jimmy Reppin,Red God,´ÙÊŞ¼Şª,ÀŞİÁË,¼¬°Ø°Ê²Â
´À°ÅÙÌ«°½,,É°»ŞİÀŞİ»°,,,,,¶°Ø±İ,Æ¼Şİ½·°,¼¬°Ø°Ê²Â,É°»ŞİÀŞİ»°,×³İÄŞÃ°ÌŞÙ,ĞÙØ°Ì,Tennyson,Nearctic,ÌŞÙÍß°¼Ş,Princequillo,Í²ÙÄ©Ø°½Şİ,Never Bend,Ê°ÃŞ¨¶Ç°Ä,Val de Loir,¾ŞÀŞ°İ
´¯¼Ş×²Ä,,Í²ÙÄ©Ø°½Şİ,,,,,Ø±Ù¼¬ÀŞ²,ÛÍŞÙÄ,¶ŞÙÁ,Í²ÙÄ©Ø°½Şİ,²İØ±ØÃ¨,Ğ½À°ÌßÛ½Íß¸À°,Clever Trick,Turn-to,Å¼­±,Intentionally,Moslem Chief,Raise a Native,Rambunctious,±²½¶Íß²ÄŞ,Raja Baba
´Ò×ÙÄŞÏ»·,,É°»ŞİÀŞİ»°,,,,,Û¯¸µÌŞ¼ŞÌŞ×ÙÀÙ,ÃŞ²İËÙ,ÇÚ²´Ì,ÀŞİÁË,ËŞ°Ï²¹Ş½Ä,É°»ŞİÀŞİ»°,±ØÀŞ°,É°»ŞİÀŞİ»°,Ë½ŞÏ¼Şª½Ã¨,É°»ŞİÀŞİ»°,Bold Lad,Nearctic,Ì«ÙØ,Raise a Native,Gallant Romeo
´ØİÊŞ°ÄŞ,,É°»ŞİÀŞİ»°,,,,,Bluebird,½Ä°ÑÊŞ°ÄŞ,±²Ø¯¼­Ø³Ş§°,É°»ŞİÀŞİ»°,»°±²³Ş§°,Ø³Ş§°Ïİ,ÀŞİ»°½Ş²Ò°¼Ş,Nearctic,New Providence,Sir Gaylord,Ã¨ÑÀÑ,Never Bend,Klairon,È²Ã¨³ŞÀŞİ»°,Val de Loir
´ÙÀŞ°Û°½Ş,,ÀŞİÃ,,,,,ÄÛ¯Ä»İÀŞ°,ÀŞ²Åº½Ó½,Fabulous Dancer,ÊİÀ°ºÑ,Ã½ºÎŞ°²,É°»ŞİÀŞİ»°,ÌŞ×¯¼İ¸Ş¸ŞÙ°Ñ,Derring-Do,É°»ŞİÃ°½Ä,Princely Gift,ØİÎŞ°,Nearctic,The Axe,Red God,Bupers
´ÙÌß½,,È³Ş§°ÍŞİÄŞ,,,,,Ï¸ŞÆÃ­°ÄŞ,ĞÙØ°Ì,²°¸ŞÙ,Never Bend,¾İÄ¸Ú½Ëßİ,º°ÄÏ°¼¬Ù,Ã¨´ÎßÛ,Nasrullah,Princequillo,Aureole,¸ÚÍßÛ,Fair Trial,Straight Deal,Blue Peter,Ä»ĞÄŞØ
´Ú¶ŞİÄÚ°½,,Ê²ÍßØµİ,,,,,Efisio,formidable,Goldneyev,Ì«ÙØ,Ê²Ä¯Ìß,ÇÚ²´Ì,Pharly,Aristophanes,Raise a Native,Derring-Do,Ragusa,É°»ŞİÀŞİ»°,Ø³Ş§°Ïİ,ØÌ§°Ù,Relic
´İ¼ŞªÙ¼ªØ°,,¸×Øµİ,,,,,ÄŞ¸À°ÃŞ³Ş¨±½,±ÎÇ°×,ÇÚ²´Ì,ÛÚİ»Ş¯Áµ,±Ú¯¼ŞÄŞ,É°»ŞİÀŞİ»°,What a Pleasure,Klairon,Martial,Hoist the Flag,É°»ŞİÀŞİ»°,Nearctic,Ì«ÙØ,ÎŞ°ÙÄŞÙ°×°,Royal Union
´İ¼ŞÆ±ÍŞ²,,È³Ş§°ÍŞİÄŞ,,,,,ĞÙ¼Ş®°¼Ş,ĞÙØ°Ì,É°»ŞİÃ°½Ä,Never Bend,Ragusa,É°»ŞİÀŞİ»°,Determine,Nasrullah,Princequillo,Ribot,Grey Sovereign,Nearctic,Victoria Park,±ØÊŞ²,King Dorsett
´İÌŞÚ²½Ï²İ,,ËÑÔ°,,,,,Holy Bull,Great Above,Ä°Ö°ØÌ§°Ù,Minnesota Mac,Al Hattab,ØÛ°İÁ,·¬ÛÙÊ³½,Rough'n Tumble,Intentionally,The Axe,Grey Dawn,²İØ±ØÃ¨,ØÌ§°Ù,Lord Gayle,É°»ŞİÃ°½Ä
µ°¶Ş½Ä»İ,,Ú²½Ş±È²Ã¨³Ş,,,,,½·¬İ,Ğ½À°ÌßÛ½Íß¸À°,×¼±İÙ°ÌŞÙ,Raise a Native,Æ¼Şİ½·°,Æ¼Şİ½·°,Ä³¼®³ÎŞ°²,È²Ã¨³ŞÀŞİ»°,Å¼­±,É°»ŞİÀŞİ»°,×³İÄŞÃ°ÌŞÙ,É°»ŞİÀŞİ»°,ÊŞ¯¸Êß»°,Ã½ºÎŞ°²,¿ÛÅ³ª°
µ°ÙÏ°Á,,ÌŞ×İÄŞÌ«°ÄŞ,,,,,Óİ½Ş°İ,Konigsstuhl,»Ù½,Dschingis Khan,Surumu,Topsider,ĞÙØ°Ì,Tamerlane,Tiepoletto,Literat,Authi,É°»ŞİÀŞİ»°,Prince John,Never Bend,Prince Ippi
µ°Û×ËŞ¼Ş®İ,,É°»ŞİÀŞİ»°,,,,,ºÏİÀŞ°²İÁ°Ì,ÀŞİ¼İ¸ŞÌŞÚ°³Ş,»İ¼¬²İÎŞ°²,ØÌ§°Ù,ÛÍŞÙÄ,Ã½ºÎŞ°²,¼ÙÊŞ°¼¬°¸,É°»ŞİÀŞİ»°,Drone,Í²ÙÄ©Ø°½Şİ,Raise a Native,Princely Gift,Airborne,Buisson Ardent,È³Ş§°ËŞ°Ä
µ°Û×ÏÙ¼ª,,Ú²½Ş±È²Ã¨³Ş,,,,,Ì«°Ã¨Å²Å°,Ğ½À°ÌßÛ½Íß¸À°,Lt.Stevens,Raise a Native,ÄÑÛÙÌ,Nantallah,The Axe,È²Ã¨³ŞÀŞİ»°,Å¼­±,Ribot,Double Jay,Nasrullah,Gold Bridge,Ï°Ñ°ÄŞ,Warfare
µµ²ÅÙÎŞ¾²,,ÚØ¯¸,,,,,Relic,War Relic,Ribot,Man o'War,Black Toney,Tenerani,Ê²ÍßØµİ,Fair Play,Friar Rock,Peter Pan,Fariman,Bellini,El Greco,Gainsborough,Schiavoni
µµ¼ÏÅ·Ş»,,ÌßØİ½Ø°·ŞÌÄ,,,,,¿°ÌŞÚ½ÄŞ,Princely Gift,ÀŞ²Ê°ÄŞ,Nasrullah,Le Lavandou,Never Say Die,¸ØÉÊÅ,È±Ùº,Blue Peter,Djebel,Noble Star,Nasrullah,Brumeux,ÌßØÒÛ,¸ŞÚ°Û°ÄŞ
µÆµİ½Êß²½,,É°»ŞİÀŞİ»°,,,,,½ËßÆİ¸ŞÜ°ÙÄŞ,ÇÚ²´Ì,ºŞ°İ³ª½Ä,É°»ŞİÀŞİ»°,Ø³Ş§°Ïİ,Ğ½À°ÌßÛ½Íß¸À°,Turn-to,Nearctic,Ì«ÙØ,Never Bend,Northfields,Raise a Native,¾¸ÚÀØ±Ä,Royal Charger,×³İÄŞÃ°ÌŞÙ
µÌÀ¯¸Ù,,É°»ŞİÀŞİ»°,,,,,½Ä°Ñ·¬¯Ä,½Ä°ÑÊŞ°ÄŞ,±Ú¯¼ŞÄŞ,É°»ŞİÀŞİ»°,¾¸ÚÀØ±Ä,Hoist the Flag,Affirmed,Nearctic,New Providence,ÎŞ°ÙÄŞÙ°×°,¸ØÑ¿Şİ»Àİ,ÄÑÛÙÌ,Prince John,Exclusive Native,Prince John
µÍß×Øİ¸Ş,,Ú²½Ş±È²Ã¨³Ş,,,,,·İ¸Ş¸ŞÛ°Ø±½,Naevus,É°»ŞØ°,Ğ½À°ÌßÛ½Íß¸À°,Reflected Glory,É°»ŞİÀŞİ»°,È³Ş§°ËŞ°Ä,Raise a Native,ÎŞ°ÙÄŞ×¯ÄŞ,Jester,The Pie King,Nearctic,±ÒØºŞ,Never Say Die,‘å–Q
µØËÒ,,Ú¯ÄŞºŞ¯ÄŞ,,,,,³Şª¶Ş,Jallad,Orpen,ÌŞ×¯¼İ¸Ş¸ŞÙ°Ñ,Argosy,Lure,»»ŞİÍ²Û°,Red God,Imposing,Affirmed,Jamaico,ÀŞİÁË,ÃŞ³Ş¨Ù½ŞÊŞ¯¸Ş,Í²Û°,Logical
µØĞÂ·Èİ,,ÎŞ°ÙÄŞÙ°×°,,,,,¼Ş¬¯¼Ş±İ¼ŞªÙ°Á,Honest Pleasure,ÄİËßµİ,What a Pleasure,Victoria Park,Tom Fool,È³Ş§°ËŞ°Ä,ÎŞ°ÙÄŞÙ°×°,Tulyar,Chop Chop,Stratus,Menow,Count Fleet,Never Say Die,Ã¯¿
µÙÀÅÃ¨ÌŞ,,Ì«ÙÃ¨É,,,,,º¼Ş°İ,¶Û,ØÌ§°Ù,Ì«ÙÃ¨É,Prince John,É°»ŞİÀŞİ»°,Gyr,Grey Sovereign,Chamossaire,Princequillo,Sir Gaylord,Nearctic,º°ÄÏ°¼¬Ù,Sea-Bird,Grey Sovereign
µÚİ¼Ş»İ¾¯Ä,,Ú²½Ş±È²Ã¨³Ş,,,,,ºŞ°İ³ª½Ä,Ğ½À°ÌßÛ½Íß¸À°,Slewpy,Raise a Native,¾¸ÚÀØ±Ä,¼±ÄÙ½Ù°,Verbatim,È²Ã¨³ŞÀŞİ»°,Å¼­±,ÎŞ°ÙÄŞÙ°×°,Ã¨ÑÀÑ,Bold Reasoning,Prince John,Speak John,ÜİÌ«°µ°Ù
¶Ş°ÃŞ¨±İÀŞ³İ,,É°»ŞİÀŞİ»°,,,,,ÀŞİ¼İ¸ŞÌŞÚ°³Ş,ØÌ§°Ù,Ã½ºÎŞ°²,É°»ŞİÀŞİ»°,Drone,Princely Gift,³Şª²¸ŞØ°É°ÌŞÙ,Nearctic,º°ÄÏ°¼¬Ù,Sir Gaylord,Pago Pago,Nasrullah,Ê²ÍßØµİ,³Ş¨´Å,ÊŞ¯¸Êß»°
¶Ş²±¸²°İ,,Ì§Ø½,,,,,´²Ä×¯¸½,Pharis,Precipitation,Pharos,Ê²ÍßØµİ,Hurry On,Bois Roussel,Phalaris,Clarissimus,Gainsborough,Asterus,Marcovil,Bachelor's Double,Vatout,Ê²ÍßØµİ
¶¸ÃÙÊßÚ½,,ÌßØİ½Û°½Ş,,,,,Ò¼ŞÛÊß°Ï°,Ò¼ŞÛ²°¸ŞÙ,µ¼Ş¼Ş±İ,Ò¼ŞÛ»İÏİ,¹Ş²Ò¾İ,ÀŞÏ½¶½,Ä³¼®³ºŞ¯ÄŞ,Charlottesville,Khaled,³Şª²¸ŞØ°É°ÌŞÙ,ØÌ§°Ù,¿°ÄŞÀŞİ»°,Francis S.,ÀŞİÃŞ¨Ù°Ä,Ä³¼®³ÎŞ°²
¶ÉİÒÛÃŞ¨,,É°»ŞİÀŞİ»°,,,,,Ò²¼®³ÄŞÄ³,Bigstone,ØİÄŞ¼ª°ÊŞ°,×½ÄÀ²¸°İ,Affirmed,±ØÀŞ°,ÄÆ°ËŞİ,Ä×²Ï²ÍŞ½Ä,Îß¯¾,Exclusive Native,Æ¼Şİ½·°,Raise a Native,Cool Moon,¶İÊß×,É°»ŞİÃ°½Ä
¶×°ÌÛ°Ä,,Û²ÔÙÁ¬°¼Ş¬°,,,,,Out of Place,Cox's Ridge,Star de Naskra,Best Turn,ÀŞÏ½¶½,Naskra,Cornish Prince,Turn-to,Ballydonnell,¿°ÄŞÀŞİ»°,ÊŞ¯¸Êß»°,Nasram,Clandestine,ÎŞ°ÙÄŞÙ°×°,War Admiral
¶ÚİÁ¬İ,,É°»ŞİÀŞİ»°,,,,,¸ÛÌÈ,ÌÚİÁÃŞËß­Ã¨,ÄÆ°ËŞİ,ÃŞËß­Ã¨ĞÆ½À°,Classic Go Go,¶İÊß×,ÏÙ¾Şİ½·°,³Ş§²½Ø°¼ŞªİÄ,Hold Your Peace,Pago Pago,±²½¶Íß²ÄŞ,¶×Ñ°İ,Hornbeam,Æ¼Şİ½·°,³ŞªİÁ±
¶Ü¶ĞÌßØİ¾½,,É°»ŞİÀŞİ»°,,,,,·İ¸ŞÍ²Û°,ÀŞİ¼İ¸ŞÌŞÚ°³Ş,¼±ÄÙ½Ù°,ØÌ§°Ù,Í²Û°,Bold Reasoning,¾¸ÚÀØ±Ä,É°»ŞİÀŞİ»°,Drone,Í²ÙÄ©Ø°½Şİ,»°±²³Ş§°,Boldnesian,Poker,ÎŞ°ÙÄŞÙ°×°,·°Ä©»ŞĞİÄ
·¯ÄÌÚİÄŞ,,´Àİ,,,,,Selkirk,¼¬°Íßİ±¯Ìß,¶°Ø±İ,´Àİ,Nebbiolo,Æ¼Şİ½·°,»¶Ş½,È²Ã¨³ŞÀŞİ»°,Rockefella,²´Û°ºŞ¯ÄŞ,Be Friendly,É°»ŞİÀŞİ»°,×³İÄŞÃ°ÌŞÙ,Ø­Ã¨´,±²Ø¯¼­Ø³Ş§°
·¬ÀØÅ,,É°»ŞİÀŞİ»°,,,,,½Ä°Ñ·¬¯Ä,½Ä°ÑÊŞ°ÄŞ,¶Û,É°»ŞİÀŞİ»°,¾¸ÚÀØ±Ä,Ì«ÙÃ¨É,·°Ä©»ŞĞİÄ,Nearctic,New Providence,ÎŞ°ÙÄŞÙ°×°,¸ØÑ¿Şİ»Àİ,Grey Sovereign,Chamossaire,¸ŞÛ°½À°¸,Sea-Bird
·¬¯ÄÌ§²Ä,,Í²ÙÄ©Ø°½Şİ,,,,,»İÃŞ°»²Úİ½,Í²Û°,ÇÚ²´Ì,Í²ÙÄ©Ø°½Şİ,±İÀŞ°½ÀİÃŞ¨İ¸Ş,É°»ŞİÀŞİ»°,¼¬°Íßİ±¯Ìß,Turn-to,Cosmic Bomb,Promised Land,Montparnasse,Nearctic,Ì«ÙØ,´Àİ,Terrible Tiger
·¬ÊŞÙØ°¼İ¸Ş,,È³Ş§°ÍŞİÄŞ,,,,,Loup Sauvage,Ø³Ş§°Ïİ,Akarad,Never Bend,ÇÚ²´Ì,Labus,Ğ½Ü·,Nasrullah,Prince John,É°»ŞİÀŞİ»°,ÌßØÒ×,ÊŞ½Ã¯ÄŞ,Abdos,Ğ½À°ÌßÛ½Íß¸À°,ØÌ§°Ù
·¬ËßÀØ½Ä,,ÃÃŞ¨,,,,,´²¼İÜ¼İÄİ,µ¼Ş¼Ş±İ,Î¯¶²Íß¶Ş»½,ÀŞÏ½¶½,Sham,Î¯¶²ÀŞ²Ô,Raise a Native,¿°ÄŞÀŞİ»°,Francis S.,Pretense,Prince John,Waidwerk,Ambiopoise,È²Ã¨³ŞÀŞİ»°,Vigors
·¬Ø°½Ã¯Ìß,,É°»ŞİÀŞİ»°,,,,,Dixieland Band,É°»ŞİÀŞİ»°,Lord Gaylord,Nearctic,Delta Judge,Sir Gaylord,Dancing Count,È±Ùº,È²Ã¨³ŞÀŞİ»°,Traffic Judge,Warfare,Turn-to,Ambiorix,É°»ŞİÀŞİ»°,Third Brother
·¬Ø°Ì§¸Ä,,Ú²½Ş±È²Ã¨³Ş,,,,,½Ï°Ä½Ä×²¸,Ğ½À°ÌßÛ½Íß¸À°,Æ¼Şİ½·°,Raise a Native,Smarten,É°»ŞİÀŞİ»°,³Şª²¸ŞØ°É°ÌŞÙ,È²Ã¨³ŞÀŞİ»°,Å¼­±,Cyane,Nodouble,Nearctic,ÌŞÙÍß°¼Ş,³Ş¨´Å,Quibu
·¬İÊß½Û°¼Ş°,,´Àİ,,,,,ÀŞ²²¼½,¼¬°Íßİ±¯Ìß,Cure the Blues,´Àİ,Ø×²±İ½,Stop the Music,³Şª²¸ŞØ°É°ÌŞÙ,È²Ã¨³ŞÀŞİ»°,Rockefella,Tantieme,¸ÚÍßÛ,Í²ÙÄ©Ø°½Şİ,ÄŞ¸À°Ìª²¶Ş°,³Ş¨´Å,ÊËŞÀ¯Ä
·­°Ä½Ã¨°Ù,,¸×Øµİ,,,,,ÀŞ²À¸ÍØµ½,ËŞ¾ŞİÆ¼·,Å²½ÀŞİ»°,ÀŞİÃŞ¨Ù°Ä,È³Ş§°ËŞ°Ä,É°»ŞİÀŞİ»°,³ŞªİÁ±,Ø­Ã¨´,Ğİ½·°,Never Say Die,ÊÛ³ª°,Nearctic,Le Beau Prince,Relic,Your Host
·®³²ÁÌßØÃ¨°,,Ê²ÍßØµİ,,,,,Îß¯¾,Ì«ÙØ,ÉÉ±Ùº,Aristophanes,ÎŞ°ÙÄŞÙ°×°,Nearctic,ÎßØ¯¸,Ê²ÍßØµİ,Advocate,Nasrullah,Better Self,È±Ùº,Hasty Road,Relic,Honeyway
·®³´²À¯Ìß,,Ìª±Ä×²±Ù,,,,,À¯Ìßµİ³¯ÄŞ,Sallust,±×Å½,Pall Mall,Ragusa,Right Royal,³ŞªİÁ±,Palestine,ÏÀÄŞ±,Ribot,Mazarin,Owen Tudor,Arbar,Relic,Bel Canto
¸Ş°Ì¨°Ì¯À°,,ÎŞ°ÙÄŞÙ°×°,,,,,¼Ş¬¯¼Ş±İ¼ŞªÙ°Á,Honest Pleasure,ÌßÚ»ŞİÄºÛÆ°,What a Pleasure,Victoria Park,Ë½ŞÏ¼Şª½Ã¨,Full Pocket,ÎŞ°ÙÄŞÙ°×°,Tulyar,Chop Chop,Stratus,Ribot,Sunrise Flight,Olden Times,Bagdad
¸²°İ½ŞØİ¸Ş,,Í²ÙÄ©Ø°½Şİ,,,,,ÏİÊ¯Àİ¶Ìª,»İÃŞ°»²Úİ½,Anabaa,Í²Û°,Law Society,ÀŞİÁË,Bering,Í²ÙÄ©Ø°½Şİ,±İÀŞ°½ÀİÃŞ¨İ¸Ş,±Ú¯¼ŞÄŞ,Luciano,É°»ŞİÀŞİ»°,¹Ş²Ò¾İ,Arctic Tern,Ø³Ş§°Ïİ
¸²¯¸±Û°,,Í²ÙÄ©Ø°½Şİ,,,,,ÃŞ¨±ÌŞÛ,ÃŞ³Ş¨Ù½ŞÊŞ¯¸Ş,Ä³¼®³ÎŞ°²,Í²Û°,Cornish Prince,Ã½ºÎŞ°²,Á¬²ÅÛ¯¸,Í²ÙÄ©Ø°½Şİ,´ÙÊŞ¼Şª,ÎŞ°ÙÄŞÙ°×°,Olympia,Princely Gift,Your Host,Rockefella,Ô»¶
¸²İ±×ÍŞÙÄ,,É°»ŞİÀŞİ»°,,,,,±¸ŞÈ½Ü°ÙÄŞ,ÀŞİÁË,Ø±Ù¼¬ÀŞ²,É°»ŞİÀŞİ»°,¼±ÄÙ½Ù°,ÛÍŞÙÄ,¶ŞÙÁ,Nearctic,Admiral's Voyage,Bold Reasoning,ØÌ§°Ù,Í²ÙÄ©Ø°½Şİ,²İØ±ØÃ¨,Ğ½À°ÌßÛ½Íß¸À°,Clever Trick
¸Ş×½¸ŞÛ½,,È³Ş§°ÍŞİÄŞ,,,,,Dashing Blade,Elegant Air,ÀŞİ¼İ¸ŞÌŞÚ°³Ş,¼¬°Ø°Ê²Â,¼¬°Íßİ±¯Ìß,ØÌ§°Ù,Surumu,ĞÙØ°Ì,Sea-Bird,´Àİ,Tropique,É°»ŞİÀŞİ»°,Drone,Literat,Luciano
¸×¯Ìß¸×¯Ìß,,Ú²½Ş±È²Ã¨³Ş,,,,,Ï·¬ÍŞØ±İ,Ğ½À°ÌßÛ½Íß¸À°,Polish Precedent,Raise a Native,Í²Û°,ÀŞİÁË,Saritamer,È²Ã¨³ŞÀŞİ»°,Å¼­±,Í²ÙÄ©Ø°½Şİ,Hoist the Flag,É°»ŞİÀŞİ»°,ÊŞ¯¸Êß»°,ÀŞİ»°½Ş²Ò°¼Ş,High Line
¸Ş×ÌŞ±ÊŞ²Ä,,É°»ŞİÀŞİ»°,,,,,´Ø¼µ,Ìª±Ø°·İ¸Ş,Caveat,É°»ŞİÀŞİ»°,Slewpy,cannonade,Æ¼Şİ½·°,Nearctic,Bold Reason,¼±ÄÙ½Ù°,Val de l'Orne,Bold Bidder,The Axe,É°»ŞİÀŞİ»°,´ÙÊŞ¼Şª
¸Ş×Ï×½ÎŞÃŞ¨,,Í²ÙÄ©Ø°½Şİ,,,,,»İÃŞ°»²Úİ½,Í²Û°,ÌŞ×¯¼İ¸Ş¸ŞÙ°Ñ,Í²ÙÄ©Ø°½Şİ,±İÀŞ°½ÀİÃŞ¨İ¸Ş,Red God,³Şª²¸ŞØ°É°ÌŞÙ,Turn-to,Cosmic Bomb,Promised Land,Montparnasse,Nasrullah,Ü²ÙÄŞØ½¸,³Ş¨´Å,My Host
¸Ş×İ±Ú¸ŞØ±,,Í²ÙÄ©Ø°½Şİ,,,,,ÃŞ¨°Ìß²İÊß¸Ä,»İÃŞ°»²Úİ½,ÀËß¯Ä,Í²Û°,±Ù»Şµ,Pulpit,Marlin,Í²ÙÄ©Ø°½Şİ,±İÀŞ°½ÀİÃŞ¨İ¸Ş,ØÌ§°Ù,ÊŞ½Ã¯ÄŞ,´°Ëß°²İÃŞ¨,Unbridled,Sword Dance,Fortunate Prospect
¸Ş×İÁ¬İÄ,,ÃÃŞ¨,,,,,Matsadoon,ÀŞÏ½¶½,Hethersett,¿°ÄŞÀŞİ»°,Prince John,Hugh Lupus,ÀŞİÃ,Sunglow,My Babu,Princequillo,Royal Charger,Djebel,Big Game,È±Ùº,The Phoenix
¸Ş×İÄŞµ°Ìßİ,,Í²ÙÄ©Ø°½Şİ,,,,,»İÃŞ°»²Úİ½,Í²Û°,¾¸ÚÄ,Í²ÙÄ©Ø°½Şİ,±İÀŞ°½ÀİÃŞ¨İ¸Ş,É°»ŞİÀŞİ»°,Faraway Son,Turn-to,Cosmic Bomb,Promised Land,Montparnasse,Nearctic,¾¸ÚÀØ±Ä,Ambiopoise,Blue Prince
¸ŞØ°İÒ°×°,,É°»ŞİÀŞİ»°,,,,,¼İ¸Ş½Ëß°Ù,In the Wings,¼¬°ÃŞ¨°,»ÄŞ×°½Ş³ªÙ½Ş,Í²Û°,ÀŞİÁË,Relkino,É°»ŞİÀŞİ»°,¼¬°Ø°Ê²Â,Í²ÙÄ©Ø°½Şİ,´ÙÊŞ¼Şª,É°»ŞİÀŞİ»°,Hoist the Flag,Relko,Balidar
¸Ø±Ì«Ú½Ä,,Í²ÙÄ©Ø°½Şİ,,,,,¼ŞªÆ­²İ,»İÃŞ°»²Úİ½,ÄÆ°ËŞİ,Í²Û°,What Luck,¶İÊß×,Û²ÔÙ½·°,Í²ÙÄ©Ø°½Şİ,±İÀŞ°½ÀİÃŞ¨İ¸Ş,ÎŞ°ÙÄŞÙ°×°,Tentam,¶×Ñ°İ,Hornbeam,Raja Baba,ËİÄŞ½Àİ
¸Ø½ÀÙ½É°,,¸×Øµİ,,,,,É°Ø­°Ä,Ø­Ã¨´,Ï¯Á³«İ,Klairon,ÌßÙ°ÃŞİÄ,Match,ÊÛ³ª°,Clarion,Cranach,My Babu,×Ã¨Ì¨¹²¼®İ,Tantieme,Alycidon,Fairway,ÌßØÒÛ
¸Ø½Ï½·¬ÛÙ,,Í²ÙÄ©Ø°½Şİ,,,,,±¸ŞÈ½À·µİ,»İÃŞ°»²Úİ½,ÄÆ°ËŞİ,Í²Û°,Û²ÔÙ½·°,¶İÊß×,Ø±Ù¼¬ÀŞ²,Í²ÙÄ©Ø°½Şİ,±İÀŞ°½ÀİÃŞ¨İ¸Ş,Raja Baba,ØÏİÄŞ,¶×Ñ°İ,Hornbeam,ÛÍŞÙÄ,É°»ŞİÃ°½Ä
¸Ø¯Ìß¸Ø¯Ëß°,,Æ±°¸Ã¨¯¸,,,,,Ü²ÙÄŞ±¹Ş²İ,±²½¶Íß²ÄŞ,Mo Exception,Nearctic,Khaled,Hard Work,Sir Wiggle,È±Ùº,È²Ã¨³ŞÀŞİ»°,Ê²ÍßØµİ,ÀŞİÃ,Golden Ruler,Pan Dancer,Sadair,Nodouble
¸ŞØÆ¯¼Ş»²Ì,,Í²ÙÄ©Ø°½Şİ,,,,,»»ŞİÍ²Û°,Í²Û°,Æ¼Şİ½·°,Í²ÙÄ©Ø°½Şİ,É°»ŞİÀŞİ»°,É°»ŞİÀŞİ»°,Bold Reason,Turn-to,Cosmic Bomb,Nearctic,Sea-Bird,Nearctic,ÌŞÙÍß°¼Ş,Í²ÙÄ©Ø°½Şİ,Ì«ÙØ
¸ŞØÌ¨½×İÅ°,,É°»ŞİÀŞİ»°,,,,,Marju,×½ÄÀ²¸°İ,ÃŞ¨½ÀİÄØ×Ã¨³Ş,Ä×²Ï²ÍŞ½Ä,±°Ã¨±½,ÊËŞÀ¯Ä,Final Straw,É°»ŞİÀŞİ»°,ĞÙØ°Ì,×³İÄŞÃ°ÌŞÙ,Welsh Pageant,Sir Gaylord,claude,Thatch,Mummy's Pet
¸ØÑ¸Ú¾İÄ,,É°»ŞİÀŞİ»°,,,,,ÃŞË±,ÃŞËß­Ã¨ĞÆ½À°,Danzig Connection,³Ş§²½Ø°¼ŞªİÄ,¾¸ÚÀØ±Ä,ÀŞİÁË,Ğ½À°ÌßÛ½Íß¸À°,É°»ŞİÀŞİ»°,Bunty's Flight,ÎŞ°ÙÄŞÙ°×°,ÀŞÏ½¶½,É°»ŞİÀŞİ»°,»°±²³Ş§°,Raise a Native,Current Concept
¸Ú²¼Ş°ÊŞ¶İ½,,Ú²½Ş±È²Ã¨³Ş,,,,,¼°·İ¸Ş»ŞºŞ°ÙÄŞ,Ğ½À°ÌßÛ½Íß¸À°,Á°Ì½Ş¸×³İ,Raise a Native,ÊŞ¯¸Êß»°,ÀŞİÁË,Riva Ridge,È²Ã¨³ŞÀŞİ»°,Å¼­±,Tom Fool,Hasty Road,É°»ŞİÀŞİ»°,¾¸ÚÀØ±Ä,First Landing,È²Ã¨³ŞÀŞİ»°
¸ŞÚ²½ÌßÚ½Ä,,Ú¯ÄŞºŞ¯ÄŞ,,,,,±ÄŞÏ²Ô¶²»Ş°,Ú²İÎŞ³¸´½Ä,³«°Æİ¸Ş,ÌŞ×¯¼İ¸Ş¸ŞÙ°Ñ,Val de l'Orne,É³İÌ§¸Ä,Majestic Light,Red God,´ÙÊŞ¼Şª,Val de Loir,Sir Gaylord,²İØ±ØÃ¨,ÛÍŞÙÄ,Ï¼Şª½Ã¨¯¸ÌßØİ½,Stevward
¸ŞÚ²Ì×²Ä,,ÌŞÚÆÑ,,,,,Ï°Ñ°ÄŞ,Blenheim,Ariel,Blandford,Gainsborough,Eternal,Sweep,Swynford,Charles O'Malley,Bayardo,The Tetrarch,Sweep,Adam,Ben Brush,Roi Herode
¸ŞÛ³×²Ä,,ÎŞ°ÙÄŞÙ°×°,,,,,´°Ëß°²İÃŞ¨,¼±ÄÙ½Ù°,¶°Ø±İ,Bold Reasoning,¾¸ÚÀØ±Ä,Æ¼Şİ½·°,Ä¯Ìß³Ş¨Ù,Boldnesian,Poker,ÎŞ°ÙÄŞÙ°×°,ÊŞ¯¸Êß»°,É°»ŞİÀŞİ»°,×³İÄŞÃ°ÌŞÙ,Ê²Ä¯Ìß,³ŞªİÁ±
¸Û½½Ã¯Ìß,,É°»ŞİÀŞİ»°,,,,,»ÄŞ×°½Ş³ªÙ½Ş,É°»ŞİÀŞİ»°,Ø³Ş§°Ïİ,Nearctic,Bold Reason,Never Bend,¸ŞÛ°½À°¸,È±Ùº,È²Ã¨³ŞÀŞİ»°,Í²ÙÄ©Ø°½Şİ,Ì«ÙØ,Nasrullah,Prince John,Ribot,Princequillo
¹±Îß°Ä,,ÌßØİ½ËŞµ,,,,,Siphon,Itajara,Carson City,Felicio,Kublai Khan,Ğ½À°ÌßÛ½Íß¸À°,¾¸ÚÀØ±Ä,Shantung,Falkland,Sideral,Svengali,Raise a Native,ÌŞ×¯¼İ¸Ş¸ŞÙ°Ñ,ÎŞ°ÙÄŞÙ°×°,±²½¶Íß²ÄŞ
º°ÙÏ²ÅİÊŞ°,,Ú²½Ş±È²Ã¨³Ş,,,,,Í¸À°ÌßÛÃ¸À°,³¯ÄŞÏİ,³Şª²¸ŞØ°É°ÌŞÙ,Ğ½À°ÌßÛ½Íß¸À°,Ø³Ş§°Ïİ,³Ş¨´Å,»°±²³Ş§°,Raise a Native,ÊŞ¯¸Êß»°,Never Bend,ÀŞÏ½¶½,Aureole,È±Ùº,Sir Gaylord,Pardao
º²ÉËÅ·Ş¸,,Ì«ÙÃ¨É,,,,,Ã¨¯¶Èİ,º¼Ş°İ,Ğ½À°¼°ËŞ°,¶Û,À°ºŞÜ²½,Ä³¼®³ÎŞ°²,É°»ŞİÃ°½Ä,Ì«ÙÃ¨É,Prince John,×³İÄŞÃ°ÌŞÙ,ØÍŞÛ,Ã½ºÎŞ°²,ÄËßµ,É°»ŞİÀŞİ»°,On Your Mark
º²ÉÜÙÂ,,É°»ŞİÀŞİ»°,,,,,ÍÈ¼°,½Ä°Ñ·¬¯Ä,Kirtling,½Ä°ÑÊŞ°ÄŞ,ÊÜ²,¸Ş×İÃŞ¨,¸ØÑ¿Şİ»Àİ,É°»ŞİÀŞİ»°,¾¸ÚÀØ±Ä,Utrillo,Tom Cat,Great Nephew,Æ¼Şİ½·°,Spy Song,Kentucky Pride
º³Ï¶ŞÀ¯À,,Ú²½Ş±È²Ã¨³Ş,,,,,Bellotto,Ğ½À°ÌßÛ½Íß¸À°,·°Ä©»ŞĞİÄ,Raise a Native,Tatan,¸ŞÛ°½À°¸,Quadrangle,È²Ã¨³ŞÀŞİ»°,Å¼­±,The Yuvaraj,The Doge,Ribot,Princequillo,Cohoes,Nearctic
ººÅ¯Â¶Ş°Ù,,Ú²½Ş±È²Ã¨³Ş,,,,,´ÙºİÄŞÙÊß»°,·İ¸ŞÏİÎŞ,ÄÆ°ËŞİ,Ğ½À°ÌßÛ½Íß¸À°,»ÄŞ×°½Ş³ªÙ½Ş,¶İÊß×,ØÌ§°Ù,Raise a Native,ÇÚ²´Ì,É°»ŞİÀŞİ»°,¼±ÄÙ½Ù°,¶×Ñ°İ,Hornbeam,É°»ŞİÀŞİ»°,Bupers
º½Ğ¯¸Ú²İ,,Ú²½Ş±È²Ã¨³Ş,,,,,Ï·¬ÍŞØ±İ,Ğ½À°ÌßÛ½Íß¸À°,ÇÚ²´Ì,Raise a Native,Í²Û°,É°»ŞİÀŞİ»°,Owen Anthony,È²Ã¨³ŞÀŞİ»°,Å¼­±,Í²ÙÄ©Ø°½Şİ,Hoist the Flag,Nearctic,Ì«ÙØ,Proud Chieftain,ÊŞ½Ã¯ÄŞ
º½Ó½·­°Ä,,ØÎŞ°,,,,,Ìª±¼Ş¬¯¼ŞÒİÄ,±Ú¯¼ŞÄŞ,É°»Şİ±İ»°,Hoist the Flag,ÛÍŞÙÄ,É°»ŞİÀŞİ»°,Á¬²ÅÛ¯¸,ÄÑÛÙÌ,Prince John,Í²ÙÄ©Ø°½Şİ,Night Invader,Nearctic,Windfields,Rockefella,ÌßØÒÛ
º¯Äİ·¬İÃŞ¨,,Ï²ÊŞÌŞ°,,,,,Ï²Ø°¼Ş¬İ,My Babu,ÊÛ³ª°,Djebel,Coup de Lyon,Fairway,È±Ùº,Tourbillon,Badruddin,Winalot,Blandford,Phalaris,Dark Legend,Pharos,Ksar
ºÊŞÙÄÌ«ÙÃ,,Í²ÙÄ©Ø°½Şİ,,,,,Ú¯ÄŞ×İ»Ñ,ÛÍŞÙÄ,ÀŞİÁË,Í²ÙÄ©Ø°½Şİ,ÀŞÏ½¶½,É°»ŞİÀŞİ»°,Sette Bello,Turn-to,Å¼­±,¿°ÄŞÀŞİ»°,Nearctic,Nearctic,Admiral's Voyage,Ribot,Ã¨ÑÀÑ
ºİÃŞ¨¼®İ±²,,Í²ÙÄ©Ø°½Şİ,,,,,½Ï°ÄÌ§Ùºİ,ºŞ°ÙÄŞ±Ø­°Ù,ĞÎÉÌŞÙÎŞİ,»İÃŞ°»²Úİ½,Ğ¼¼¯Ëß±İ,Ï¸ŞÆÃ­°ÄŞ,ĞÎ¼İ»Şİ,Í²Û°,ÇÚ²´Ì,³Şª²¸ŞØ°É°ÌŞÙ,¸×³İÄŞÌßØİ½,ĞÙØ°Ì,¼¬Ú°,¼İ»Şİ,¸Ş¯ÄŞØ°
»°Ì¨İ»İÃŞ²,,É°»ŞİÀŞİ»°,,,,,ÀÊŞ½º·¬¯Ä,½Ä°Ñ·¬¯Ä,É°»ŞİÀŞİ»°,½Ä°ÑÊŞ°ÄŞ,Sauce Boat,Nearctic,Í²Û°,É°»ŞİÀŞİ»°,¾¸ÚÀØ±Ä,·°Ä©»ŞĞİÄ,Barbizon,È±Ùº,È²Ã¨³ŞÀŞİ»°,Í²ÙÄ©Ø°½Şİ,ÊŞ¯¸Êß»°
»¸×¶ŞÏİ¶²,,Ê²ÍßØµİ,,,,,Ì«ÙØ,Aristophanes,Soleil Levant,Ê²ÍßØµİ,Advocate,Sunny Boy,Niccolo Dell'Arca,Gainsborough,Mieuxce,Fair Trial,Foxglove,Jock,Rialto,Coronach,Hairan
»¸×¸Ú±°,,É°»ŞİÀŞİ»°,,,,,É°»ŞİÃ°½Ä,É°»ŞİÀŞİ»°,Quadrangle,Nearctic,Victoria Park,Cohoes,Ambiorix,È±Ùº,È²Ã¨³ŞÀŞİ»°,Chop Chop,Ê²ÍßØµİ,Ï°Ñ°ÄŞ,Bull Lea,Tourbillon,Some Chance
»ÄŞ×°½Ş·Ş¬Ù,,É°»ŞİÀŞİ»°,,,,,»ÄŞ×°½Ş³ªÙ½Ş,É°»ŞİÀŞİ»°,¼±ÄÙ½Ù°,Nearctic,Bold Reason,Bold Reasoning,Ì«ÙØ,È±Ùº,È²Ã¨³ŞÀŞİ»°,Í²ÙÄ©Ø°½Şİ,Ì«ÙØ,Boldnesian,Poker,Aristophanes,Nantallah
»ÌÒÙÃŞ¨,,ËÑÔ°,,,,,ÄŞ×ÏÃ¨¯¸ËŞ¯ÄŞ,¸ØÑ¿Şİ»Àİ,Êß°¿Ûİ,Spy Song,Promised Land,Ï²Ø°¼Ş¬İ,Ë¶ÙÀ¶²,Balladier,Requiebro,Palestinian,To Market,My Babu,Pharis,ØİÎŞ°,×²¼Şİ¸ŞÌÚ°Ñ
»Ï°ÊËßÈ½,,Í²ÙÄ©Ø°½Şİ,,,,,±¸ŞÈ½À·µİ,»İÃŞ°»²Úİ½,±ÌØ°Ä,Í²Û°,Û²ÔÙ½·°,Ğ½À°ÌßÛ½Íß¸À°,ÏÙ¾Şİ½·°,Í²ÙÄ©Ø°½Şİ,±İÀŞ°½ÀİÃŞ¨İ¸Ş,Raja Baba,ØÏİÄŞ,Raise a Native,Venetian Jester,Æ¼Şİ½·°,ÀŞ½ÄºÏİÀŞ°
»Ï°ÊÚ°¼®İ,,Í²ÙÄ©Ø°½Şİ,,,,,»İÃŞ°»²Úİ½,Í²Û°,Risen Star,Í²ÙÄ©Ø°½Şİ,±İÀŞ°½ÀİÃŞ¨İ¸Ş,¾¸ÚÀØ±Ä,ÇÚ²´Ì,Turn-to,Cosmic Bomb,Promised Land,Montparnasse,ÎŞ°ÙÄŞÙ°×°,Ë½ŞÏ¼Şª½Ã¨,É°»ŞİÀŞİ»°,What a Pleasure
»Ù»×¯Ã,,Í²ÙÄ©Ø°½Şİ,,,,,ÃŞ³Ş¨Ù½ŞÊŞ¯¸Ş,Í²Û°,D'Accord,Í²ÙÄ©Ø°½Şİ,´ÙÊŞ¼Şª,¾¸ÚÀØ±Ä,Mr.Leader,Turn-to,Cosmic Bomb,Vandale,Cohoes,ÎŞ°ÙÄŞÙ°×°,É°»ŞİÀŞİ»°,Í²ÙÄ©Ø°½Şİ,Warfare
»İ¾¯ÄÏ²Ô,,É°»ŞİÀŞİ»°,,,,,ËßÙ»ÄŞ½·°,Polish Precedent,Ä³¼®³Íß¶Ş»½,ÀŞİÁË,ÄÛ²,ÀŞİÃŞ¨Ù°Ä,ÏÙ¾Şİ½·°,É°»ŞİÀŞİ»°,ÊŞ¯¸Êß»°,ÍßÃ¨İºŞ,ĞÙØ°Ì,Ø­Ã¨´,³ŞªİÁ±,Æ¼Şİ½·°,²İÌ§Á­´²¼®İ
»İÄŞËß±Ø½,,Û¯¸Ìª×,,,,,Ê²¾²º°,Á¬²ÅÛ¯¸,²´×Êß,Rockefella,¶ØÑ,Mossborough,¹Ş²À²Ñ,Ê²ÍßØµİ,Rustom Pasha,È±Ùº,Beau Son,È±Ùº,Nirgal,Rockefella,ÊÛ³ª°
»İÄŞÒÉ±µ¿Ş×,,Ú²½Ş±È²Ã¨³Ş,,,,,±ÙÑÀÜ¹Ù,Ï·¬ÍŞØ±İ,Northern Park,Ğ½À°ÌßÛ½Íß¸À°,¸ŞØ°İÃŞ»Ş°Ä,É°»ŞİÀŞİ»°,ÊËŞÀ¯Ä,Raise a Native,Í²Û°,ÀŞİÁË,Ela-Mana-Mou,Nearctic,Great Nephew,Sir Gaylord,Red God
»İÊŞ¶Ìª,,Ú²½Ş±È²Ã¨³Ş,,,,,Êİ¾Ù,³¯ÄŞÏİ,Ü²½Ş¶³İ¾×°,Ğ½À°ÌßÛ½Íß¸À°,Dancing Count,±Ú¯¼ŞÄŞ,ÃŞ¨¸À½,Raise a Native,ÊŞ¯¸Êß»°,É°»ŞİÀŞİ»°,Victoria Park,Hoist the Flag,Raise a Native,Sanctus,¼İ»Şİ
»İËŞ½À,,Í²ÙÄ©Ø°½Şİ,,,,,½½Ş¶ÏİÎŞ,»İÃŞ°»²Úİ½,Ğ¼Ù,Í²Û°,·İ¸ŞÏİÎŞ,Ğ½Ü·,Êß°¸Ø°¼ŞªİÄ,Í²ÙÄ©Ø°½Şİ,±İÀŞ°½ÀİÃŞ¨İ¸Ş,Ğ½À°ÌßÛ½Íß¸À°,Æ¼Şİ½·°,Ğ½À°ÌßÛ½Íß¸À°,The Axe,³Ş§²½Ø°¼ŞªİÄ,Ä³¼®³ÎŞ°²
¼°·İ¸Ş»ŞÊß°Ù,,Ú²½Ş±È²Ã¨³Ş,,,,,¼°·İ¸Ş»ŞºŞ°ÙÄŞ,Ğ½À°ÌßÛ½Íß¸À°,¼±ÄÙ½Ù°,Raise a Native,ÊŞ¯¸Êß»°,Bold Reasoning,Bold Forbes,È²Ã¨³ŞÀŞİ»°,Å¼­±,Tom Fool,Hasty Road,Boldnesian,Poker,Irish Castle,º°ÄÏ°¼¬Ù
¼°»Ì§²±,,Í²ÙÄ©Ø°½Şİ,,,,,»İÃŞ°»²Úİ½,Í²Û°,Argument,Í²ÙÄ©Ø°½Şİ,±İÀŞ°½ÀİÃŞ¨İ¸Ş,Kautokeino,³Ş§²½Ø°¶ŞÙ,Turn-to,Cosmic Bomb,Promised Land,Montparnasse,Relko,Tapioca,É°»ŞİÀŞİ»°,Tudor Melody
¼°»ŞØµ,,Í²ÙÄ©Ø°½Şİ,,,,,½Íß¼¬Ù³¨°¸,»İÃŞ°»²Úİ½,»ÄŞ×°½Ş³ªÙ½Ş,Í²Û°,ÏÙ¾Şİ½·°,É°»ŞİÀŞİ»°,ÊËŞÀ¯Ä,Í²ÙÄ©Ø°½Şİ,±İÀŞ°½ÀİÃŞ¨İ¸Ş,Æ¼Şİ½·°,¾İÄ¸Ú½Ëßİ,Nearctic,Bold Reason,Sir Gaylord,Le Fabuleux
¼°ÑÚ½×³İÄŞ,,»İ²İÛ°,,,,,ÓİÃÌßØİ½,¼°Î°¸,ËÃŞÁ¶×,´ÙÊŞ¼Şª,ËİÄŞ½Àİ,ËİÄŞ½Àİ,King's Troop,Vandale,Free Man,Bois Roussel,Big Game,Bois Roussel,×²¼Şİ¸ŞÌÚ°Ñ,Princely Gift,ÆİÊŞ½
¼±İÌªØ±,,Í²ÙÄ©Ø°½Şİ,,,,,Ì§½ÄÀÃÔÏ,ÀŞİ½²İ»ŞÀŞ°¸,»İÃŞ°»²Úİ½,»İÃŞ°»²Úİ½,À°ºŞÜ²½,Í²Û°,¼İÎŞØÙÄŞÙÌ,Í²Û°,Æ¼Şİ½·°,×³İÄŞÃ°ÌŞÙ,É°»ŞİÃ°½Ä,Í²ÙÄ©Ø°½Şİ,±İÀŞ°½ÀİÃŞ¨İ¸Ş,Êß°¿Ûİ,È³Ş§°ËŞ°Ä
¼ªØ°Îß¯Ìß,,É°»ŞİÀŞİ»°,,,,,Linamix,ÒİÃŞ½,·İ¸ŞÏİÎŞ,ÍŞØÌ§,breton,Ğ½À°ÌßÛ½Íß¸À°,Kris,ØÌ§°Ù,¶Û,Relko,±Ù»²ÄŞ,Raise a Native,ÇÚ²´Ì,¼¬°Íßİ±¯Ìß,¶Û
¼ŞªİÃ¨ÙÄŞİÅ,,Í²ÙÄ©Ø°½Şİ,,,,,ÃŞ¨°Ìß²İÊß¸Ä,»İÃŞ°»²Úİ½,Bertolini,Í²Û°,±Ù»Şµ,ÀŞİÁË,ØÌ§°½Ş½Íß¼¬Ù,Í²ÙÄ©Ø°½Şİ,±İÀŞ°½ÀİÃŞ¨İ¸Ş,ØÌ§°Ù,ÊŞ½Ã¯ÄŞ,É°»ŞİÀŞİ»°,±ØÀŞ°,ØÌ§°Ù,¼Ş­Æ±½
¼¸ŞÅÙ·¬¯Á,,É°»ŞİÀŞİ»°,,,,,×½ÄÀ²¸°İ,Ä×²Ï²ÍŞ½Ä,Ela-Mana-Mou,É°»ŞİÀŞİ»°,ĞÙØ°Ì,Ëß¯Ä¶°İ,Sparkler,Nearctic,ÊŞ¯¸Êß»°,Never Bend,Sayajirao,ÍßÃ¨İºŞ,Ê²Ê¯Ä,Hard Tack,Santa Claus
¼½ºÑ°İ,,È³Ş§°ÍŞİÄŞ,,,,,¸Ø´²À°,ĞÙØ°Ì,ËŞ°Ï²¹Ş½Ä,Never Bend,ÊËŞÀ¯Ä,É°»ŞİÀŞİ»°,ÊŞ½Ã¯ÄŞ,Nasrullah,Princequillo,Sir Gaylord,Kythnos,Nearctic,Tudor Minstrel,¸ÚÍßÛ,Queen's Hussar
¼Ş¬½Ã¨Ë¯Ä,,É°»ŞİÀŞİ»°,,,,,ÃŞËß­Ã¨ĞÆ½À°,³Ş§²½Ø°¼ŞªİÄ,Lord Avie,É°»ŞİÀŞİ»°,Bunty's Flight,Lord Gaylord,Exuberant,Nearctic,Menetrier,Bunty Lawless,Jabneh,Sir Gaylord,Gallant Man,What a Pleasure,Wardlaw
¼¬ÄÙ½Ëß°ÄŞ,,É°»ŞİÀŞİ»°,,,,,Bertolini,ÀŞİÁË,ØÌ§°½Ş½Íß¼¬Ù,É°»ŞİÀŞİ»°,±ØÀŞ°,ØÌ§°Ù,¼Ş­Æ±½,Nearctic,Admiral's Voyage,Raise a Native,Never Bend,É°»ŞİÀŞİ»°,Bupers,Raja Baba,Darling Boy
¼Ş¬ÜĞİ,,É°»ŞİÀŞİ»°,,,,,Æ¼Şİ½·°,É°»ŞİÀŞİ»°,Ã¨ÑÀÑ,Nearctic,ÌŞÙÍß°¼Ş,Tom Fool,Hill Prince,È±Ùº,È²Ã¨³ŞÀŞİ»°,Bull Lea,Menow,Menow,Bull Lea,Princequillo,Eight Thirty
¼­°Ù½Ú²Ô°,,Ú²½Ş±È²Ã¨³Ş,,,,,Souvenir Copy,Ğ½À°ÌßÛ½Íß¸À°,±Ú¯¼ŞÄŞ,Raise a Native,ÇÚ²´Ì,Hoist the Flag,¼±ÄÙ½Ù°,È²Ã¨³ŞÀŞİ»°,Å¼­±,É°»ŞİÀŞİ»°,Stop the Music,ÄÑÛÙÌ,Prince John,Bold Reasoning,É°»ŞİÀŞİ»°
¼Ş­´×°,,Í²ÙÄ©Ø°½Şİ,,,,,³Ş¨¸ÄÜ°ÙËß»,ÈµÕÆ³Ş§°½,Pistolet Bleu,»İÃŞ°»²Úİ½,Ï·¬ÍŞØ±İ,Ä¯Ìß³Ş¨Ù,Tourangeau,Í²Û°,Kris,Ğ½À°ÌßÛ½Íß¸À°,ÊŞ½Ã¨É,Ê²Ä¯Ìß,Armos,Val de Loir,Cadmus
¼­¶Ş°Ê°Ä,,ÌßØİ½Ø°·ŞÌÄ,,,,,»¸×ÊŞ¸¼İµ°,»¸×ÕÀ¶µ°,¼Ş¬¯¼Ş±İ¼ŞªÙ°Á,Ã½ºÎŞ°²,É°»ŞİÃ°½Ä,Honest Pleasure,ØÌ§°Ù,Princely Gift,È³Ş§°ËŞ°Ä,É°»ŞİÀŞİ»°,Ambiopoise,What a Pleasure,Victoria Park,É°»ŞİÀŞİ»°,trevieres
¼­¶Ş°Ú°ÄŞÙ,,¾ŞÀŞ°İ,,,,,ÄÆ°ËŞİ,¶İÊß×,ÇÚ²´Ì,¶×Ñ°İ,Hornbeam,É°»ŞİÀŞİ»°,High Line,¾ŞÀŞ°İ,µİØ°Ì«±×²Ì,Ê²ÍßØµİ,Preciptic,Nearctic,Ì«ÙØ,Ê²Ê¯Ä,Tamerlane
¼­¼­ÌŞØ°½Ş,,Í²ÙÄ©Ø°½Şİ,,,,,Ì¼Ş·¾·,»İÃŞ°»²Úİ½,¼İÎŞØ¸Ø½´½,Í²Û°,Le Fabuleux,¸Ø½´½,Ã¨İÊŞ°¶İÄØ°,Í²ÙÄ©Ø°½Şİ,±İÀŞ°½ÀİÃŞ¨İ¸Ş,Ü²ÙÄŞØ½¸,²İØ±ØÃ¨,ÛÍŞÙÄ,Gold Meridian,³¯ÄŞÏİ,Ø±Ù¼¬ÀŞ²
¼Ş®¯¸Û¯¶°,,Ú²½Ş±È²Ã¨³Ş,,,,,¶º²°¼°½Ş,±ØÀŞ°,ÏÙ¾Şİ½·°,Raise a Native,Jester,Æ¼Şİ½·°,½Ã¨İÃ¨É,È²Ã¨³ŞÀŞİ»°,On-and-On,Tom Fool,Nasrullah,É°»ŞİÀŞİ»°,ÊŞ¯¸Êß»°,Sheshoon,Misty Day
¼Ş®¯Ëßİ¶Ù,,Ú²½Ş±È²Ã¨³Ş,,,,,Ë¼±¹ÎŞÉ,³¯ÄŞÏİ,»³½±Ä×İÃ¨¯¸,Ğ½À°ÌßÛ½Íß¸À°,¼±ÄÙ½Ù°,ĞÙØ°Ì,Ã½ºÎŞ°²,Raise a Native,ÊŞ¯¸Êß»°,Bold Reasoning,ØÌ§°Ù,Never Bend,Ribot,Princely Gift,¿ÛÅ³ª°
¼ÙÊŞ°ÃŞËŞ¯Ä,,É°»ŞİÀŞİ»°,,,,,¶°È·Ş°,»ÄŞ×°½Ş³ªÙ½Ş,ÏÙ¾Şİ½·°,É°»ŞİÀŞİ»°,Ø³Ş§°Ïİ,Æ¼Şİ½·°,ÀŞ²±ÄÑ,Nearctic,Bold Reason,Never Bend,Sunny Boy,É°»ŞİÀŞİ»°,ÊŞ¯¸Êß»°,Sicambre,Á¬²ÅÛ¯¸
¼Şİ¸ŞÙÍŞÙ,,Ï²ÊŞÌŞ°,,,,,Ä³¶²Ã²µ°,¼İÎŞØÙÄŞÙÌ,ÏÙ¾Şİ½·°,Êß°¿Ûİ,Å²½ÀŞİ»°,Æ¼Şİ½·°,½É¯ÌŞ,Ï²Ø°¼Ş¬İ,½Ëß°ÄŞ¼İÎŞØ,É°»ŞİÀŞİ»°,Ì§ÊŞ°¼Ş,É°»ŞİÀŞİ»°,ÊŞ¯¸Êß»°,Mourne,ÀŞ²Ê°ÄŞ
¼İ¸Û¼½À°,,Å½Ù°×,,,,,Star de Naskra,Naskra,Apalachee,Nasram,Clandestine,×³İÄŞÃ°ÌŞÙ,Marshua's Dancer,Nasrullah,Le Haar,Double Jay,Tudor Minstrel,Princequillo,Nantallah,Raise a Native,Ole Bob Bowers
¼İº³×ÌŞØ²,,É°»ŞİÀŞİ»°,,,,,¶°Ø±İ,Æ¼Şİ½·°,Îß¯¾,É°»ŞİÀŞİ»°,×³İÄŞÃ°ÌŞÙ,Ì«ÙØ,Ê²Ä¯Ìß,Nearctic,ÌŞÙÍß°¼Ş,Princequillo,Í²ÙÄ©Ø°½Şİ,Aristophanes,ÎŞ°ÙÄŞÙ°×°,Derring-Do,¾İÄ¸Ú½Ëßİ
¼İÃŞÚ×¼ÅØµ,,Ú²½Ş±È²Ã¨³Ş,,,,,±ØÀŞ°,Raise a Native,Lt.Stevens,È²Ã¨³ŞÀŞİ»°,On-and-On,Nantallah,Stevedore,Polynesian,Case Ace,Nasrullah,Ponder,Nasrullah,Gold Bridge,Amarullah,The Solicitor
¼İÊ×²Ä,,Í²ÙÄ©Ø°½Şİ,,,,,ÃŞ¨°Ìß²İÊß¸Ä,»İÃŞ°»²Úİ½,¼İ¸Ş½Ëß°Ù,Í²Û°,±Ù»Şµ,In the Wings,Efisio,Í²ÙÄ©Ø°½Şİ,±İÀŞ°½ÀİÃŞ¨İ¸Ş,ØÌ§°Ù,ÊŞ½Ã¯ÄŞ,»ÄŞ×°½Ş³ªÙ½Ş,Í²Û°,formidable,Bay Express
¼İÌ«Æ±´Ø°,,Û²ÔÙÁ¬°¼Ş¬°,,,,,Cox's Ridge,Best Turn,Ğ½À°ÌßÛ½Íß¸À°,Turn-to,Ballydonnell,Raise a Native,ÄÑÛÙÌ,Royal Charger,Swaps,Ballyogan,Carrier Pigeon,È²Ã¨³ŞÀŞİ»°,Å¼­±,Ribot,Double Jay
½°³ŞÆ°Ù,,²İÃİÄ,,,,,´²¼İËŞİ¾İ½,ØÛ°İÁ,Pistolet Bleu,²İØ±ØÃ¨,Table Play,Ä¯Ìß³Ş¨Ù,Tourangeau,Intentionally,The Axe,×³İÄŞÃ°ÌŞÙ,Fomento,Ê²Ä¯Ìß,Armos,Val de Loir,Cadmus
½°Êß°¼ªËŞÆµİ,,´Àİ,,,,,¼¬°Íßİ±¯Ìß,´Àİ,Grey Sovereign,È²Ã¨³ŞÀŞİ»°,Rockefella,Nasrullah,Gratitude,Polynesian,Tudor Minstrel,Ê²ÍßØµİ,Majano,È±Ùº,Baytown,Golden Cloud,Grandmaster
½²°Ä½ÄÚ¯Á,,É°»ŞİÀŞİ»°,,,,,±»Ã¨½,Topsider,½×³Ş¨¯¸,É°»ŞİÀŞİ»°,¸ŞÛ°½À°¸,ÀŞİÁË,¸×³İÄŞÌßØİ½,Nearctic,×³İÄŞÃ°ÌŞÙ,Ribot,ÊŞ¯¸Êß»°,É°»ŞİÀŞİ»°,ÊŞ¯¸Êß»°,Raise a Native,Ğİ¼µ
½²°Ä×²¼­,,ÄÑÌ°Ù,,,,,Buckaroo,ÊŞ¯¸Êß»°,The Axe,Tom Fool,No Robbery,Ï°Ñ°ÄŞ,Bold Lad,Menow,War Admiral,Swaps,Prince Bio,Blenheim,Shut Out,ÎŞ°ÙÄŞÙ°×°,±Ù»²ÄŞ
½²°ÌßÄ³¼®³,,Ú²½Ş±È²Ã¨³Ş,,,,,´İÄŞ½³¨°Ìß,Ì«°Ã¨Å²Å°,ÀŞİ¼İ¸ŞÌŞÚ°³Ş,Ğ½À°ÌßÛ½Íß¸À°,Dance Spell,ØÌ§°Ù,Ä³¼®³ÎŞ°²,Raise a Native,ÄÑÛÙÌ,É°»ŞİÀŞİ»°,Thinking Cap,É°»ŞİÀŞİ»°,Drone,Ã½ºÎŞ°²,ÀŞİÃŞ¨Ù°Ä
½³¨°ÄÀŞ³Æ°,,Ï²ÊŞÌŞ°,,,,,¼¬Ï°ÄŞ¼İÎŞØ,¼İÎŞØÙÄŞÙÌ,¸ŞÙÒÌÛİÃ¨±,Êß°¿Ûİ,Ì¨ÃŞ¨µİ,Ä³¼®³Íß¶Ş»½,Lord at War,Ï²Ø°¼Ş¬İ,½Ëß°ÄŞ¼İÎŞØ,Djakao,³ŞªİÁ±,ÀŞİÃŞ¨Ù°Ä,Ì§ÊŞ°¼Ş,General,¼¬°×½ÀÆ
½¶°Ú¯ÄÌŞ°¹,,É°»ŞİÀŞİ»°,,,,,É°»ŞİÃ°½Ä,É°»ŞİÀŞİ»°,¸ØÑ¿Şİ»Àİ,Nearctic,Victoria Park,Spy Song,Beau Max,È±Ùº,È²Ã¨³ŞÀŞİ»°,Chop Chop,Ê²ÍßØµİ,Balladier,Requiebro,Bull Lea,Royal Charger
½¶°Ú¯ÄÚÃŞ¨,,Í²ÙÄ©Ø°½Şİ,,,,,»İÃŞ°»²Úİ½,Í²Û°,É°»ŞİÃ°½Ä,Í²ÙÄ©Ø°½Şİ,±İÀŞ°½ÀİÃŞ¨İ¸Ş,É°»ŞİÀŞİ»°,¸ØÑ¿Şİ»Àİ,Turn-to,Cosmic Bomb,Promised Land,Montparnasse,Nearctic,Victoria Park,Spy Song,Beau Max
½·¯ÌßÌÛ±,,¾ŞÀŞ°İ,,,,,¶×°ÄŞ,¾ŞÀŞ°İ,Û°ÄŞØ°¼Ş,Grey Sovereign,³ŞªİÁ±,Sir Gaylord,¸ŞÚ²ÓÅ°¸,Nasrullah,Vilmorin,Relic,Sayajirao,Turn-to,Mr.Trouble,Grey Sovereign,×²¼Şİ¸ŞÌÚ°Ñ
½¸×ÑÏ½À°,,É°»ŞİÀŞİ»°,,,,,»ÄŞ×°½Ş³ªÙ½Ş,É°»ŞİÀŞİ»°,Í²Û°,Nearctic,Bold Reason,Í²ÙÄ©Ø°½Şİ,´ÙÊŞ¼Şª,È±Ùº,È²Ã¨³ŞÀŞİ»°,Í²ÙÄ©Ø°½Şİ,Ì«ÙØ,Turn-to,Cosmic Bomb,Vandale,Cohoes
½½ŞÉÈÁØØ,,Í²ÙÄ©Ø°½Şİ,,,,,ÑÀÌ§°³´¸,¼Ù³Ş§°Î°¸,¼Şª²ÄŞÛÊŞØ°,ÛÍŞÙÄ,¶°Ø±İ,Ğ½À°ÌßÛ½Íß¸À°,ÏÙ¾Şİ½·°,Í²ÙÄ©Ø°½Şİ,±ÒØºŞ,Æ¼Şİ½·°,ºŞ°Ï°Áİ¸Ş,Raise a Native,Æ¼Şİ½·°,Æ¼Şİ½·°,¿ÛÅ³ª°
½À°×²ÄÎ°Ù,,ÃÃŞ¨,,,,,´²¼İÜ¼İÄİ,µ¼Ş¼Ş±İ,»İÃŞ°»²Úİ½,ÀŞÏ½¶½,Sham,Í²Û°,Conquistador Cielo,¿°ÄŞÀŞİ»°,Francis S.,Pretense,Prince John,Í²ÙÄ©Ø°½Şİ,±İÀŞ°½ÀİÃŞ¨İ¸Ş,Ğ½À°ÌßÛ½Íß¸À°,Å¼­±
½ÀİÄŞµİØ°,,¾ŞÀŞ°İ,,,,,ÄÆ°ËŞİ,¶İÊß×,ÆÎİËßÛ³²Å°,¶×Ñ°İ,Hornbeam,½Ã¨°ÙÊ°Ä,É°»ŞİÃ°½Ä,¾ŞÀŞ°İ,µİØ°Ì«±×²Ì,Ê²ÍßØµİ,Preciptic,ÊËŞÀ¯Ä,Á¬²ÅÛ¯¸,É°»ŞİÀŞİ»°,ÊÜ²
½Á°Ù½Á°Ñ,,Í²ÙÄ©Ø°½Şİ,,,,,±ÄŞÏ²ÔÍŞ¶Ş,»İÃŞ°»²Úİ½,ĞÙ¼Ş®°¼Ş,Í²Û°,ÄÆ°ËŞİ,ĞÙØ°Ì,È³Ş§°ËŞ°Ä,Í²ÙÄ©Ø°½Şİ,±İÀŞ°½ÀİÃŞ¨İ¸Ş,¶İÊß×,É°»ŞİÀŞİ»°,Never Bend,Ragusa,Never Say Die,Shantung
½Ã±¸×²Ï°,,ÌßØİ½·Û,,,,,Meadowlake,Hold Your Peace,²İØ±ØÃ¨,Speak John,Raise a Native,Intentionally,Crozier,Prince John,Eight Thirty,È²Ã¨³ŞÀŞİ»°,Porterhouse,Intent,Rough'n Tumble,My Babu,Bar Le Duc
½Ã¨Ù²İ×ÌŞ,,Í²ÙÄ©Ø°½Şİ,,,,,»İÃŞ°»²Úİ½,Í²Û°,ÛÍŞÙÄ,Í²ÙÄ©Ø°½Şİ,±İÀŞ°½ÀİÃŞ¨İ¸Ş,Í²ÙÄ©Ø°½Şİ,É°»ŞİÀŞİ»°,Turn-to,Cosmic Bomb,Promised Land,Montparnasse,Turn-to,Å¼­±,Nearctic,Creme Dela Creme
½ÄÚ²Ä¶Ş°Ù,,Í²ÙÄ©Ø°½Şİ,,,,,Ì¼Ş·¾·,»İÃŞ°»²Úİ½,À²·¼¬ÄÙ,Í²Û°,Le Fabuleux,ÃŞ³Ş¨Ù½ŞÊŞ¯¸Ş,ÃŞ²İËÙ,Í²ÙÄ©Ø°½Şİ,±İÀŞ°½ÀİÃŞ¨İ¸Ş,Ü²ÙÄŞØ½¸,²İØ±ØÃ¨,Í²Û°,¶°Ø±İ,ÀŞİÁË,Ó°Æİ¸ŞÌÛ°Ø¯¸
½ÌßØ³ÑÏØ°,,Í²ÙÄ©Ø°½Şİ,,,,,Cure the Blues,Stop the Music,¼±ÄÙ½Ù°,Í²ÙÄ©Ø°½Şİ,ÄŞ¸À°Ìª²¶Ş°,Bold Reasoning,Prince John,Turn-to,Tom Fool,Rough'n Tumble,ÎŞ°ÙÄŞÙ°×°,Boldnesian,Poker,Princequillo,Å¼­±
½ÌßØİ¸ŞÏİÎŞ,,Ú²½Ş±È²Ã¨³Ş,,,,,·İ¸ŞÏİÎŞ,Ğ½À°ÌßÛ½Íß¸À°,Æ¼Şİ½·°,Raise a Native,ÇÚ²´Ì,É°»ŞİÀŞİ»°,·°Ä©»ŞĞİÄ,È²Ã¨³ŞÀŞİ»°,Å¼­±,É°»ŞİÀŞİ»°,Prove Out,Nearctic,ÌŞÙÍß°¼Ş,¸ŞÛ°½À°¸,Raise a Native
½Ï²ÙÄŞÛ¯Ìß,,¾ŞÀŞ°İ,,,,,»¸×ÁÄ¾µ°,ÄÆ°ËŞİ,½Ù°»ŞÄŞ×ºŞİ,¶İÊß×,É°»ŞİÃ°½Ä,¼±ÄÙ½Ù°,³ŞªİÁ±,¶×Ñ°İ,Hornbeam,É°»ŞİÀŞİ»°,Quadrangle,Bold Reasoning,Prince John,Relic,¿ÛÅ³ª°
½Ò×·ŞËÒ,,Ú¯ÄŞºŞ¯ÄŞ,,,,,Ú²İÎŞ³¸´½Ä,ÌŞ×¯¼İ¸Ş¸ŞÙ°Ñ,Ø³Ş§°Ïİ,Red God,´ÙÊŞ¼Şª,Never Bend,É°»ŞİÀŞİ»°,Nasrullah,Ü²ÙÄŞØ½¸,Vandale,Raise a Native,Nasrullah,Prince John,Nearctic,Dedicate
½Ó°·°Û°½Ş,,Ï²ÊŞÌŞ°,,,,,Ì§Ùºİ,Ï²Ø°¼Ş¬İ,¶Ş°»İÄ,My Babu,Petition,Bubbles,À°¸½Ø×²±İ½,Djebel,Coup de Lyon,Fair Trial,Prince Bio,La Farina,Brantome,Turkhan,ĞÅĞÎÏÚ
½×²ÄŞ¿°»°,,¾ŞÀŞ°İ,,,,,ÄÆ°ËŞİ,¶İÊß×,¶°Ø±İ,¶×Ñ°İ,Hornbeam,Æ¼Şİ½·°,ÌŞ×¯¼İ¸Ş¸ŞÙ°Ñ,¾ŞÀŞ°İ,µİØ°Ì«±×²Ì,Ê²ÍßØµİ,Preciptic,É°»ŞİÀŞİ»°,×³İÄŞÃ°ÌŞÙ,Red God,Sparkler
½Ø°ÄØ¯¸,,Ì«ÙÃ¨É,,,,,ÀÏÓ¸Û½,¼°ËŞ°¸Û½,ÆÎİËßÛ³²Å°,Ì«ÙÃ¨É,¼¬Ä°¹Ş²,½Ã¨°ÙÊ°Ä,É°»ŞİÃ°½Ä,Grey Sovereign,Êß°¿Ûİ,Swaps,Ã­°ÀŞ°ÍßØµ¯ÄŞ,ÊËŞÀ¯Ä,Á¬²ÅÛ¯¸,É°»ŞİÀŞİ»°,Turn-to
½Û°Ìß¸×³İ,,Ú²½Ş±È²Ã¨³Ş,,,,,³«°´İÌŞÚÑ,Our Emblem,Bering,Ğ½À°ÌßÛ½Íß¸À°,Lord at War,Arctic Tern,African Song,Raise a Native,Ìß×²³Şª°Ä±¶³İÄ,General,The Pruner,Sea-Bird,ØÌ§°Ù,African Sky,ÃŞ¨¸À½
½İ½İ,,É°»ŞİÀŞİ»°,,,,,¾ŞÈ×Ø½Ä,ÃŞ²İËÙ,ËŞ°Ï²¹Ş½Ä,ÀŞİÁË,Conquistador Cielo,É°»ŞİÀŞİ»°,Ø³Ş§°Ïİ,É°»ŞİÀŞİ»°,Ë½ŞÏ¼Şª½Ã¨,Ğ½À°ÌßÛ½Íß¸À°,Hoist the Flag,Nearctic,Tudor Minstrel,Never Bend,Great Nephew
¾¶İÄŞ±ÆÊŞ»Ø,,ÚØ¯¸,,,,,¼ÙÊŞ°¼¬°¸,Buisson Ardent,×³Ş§İÀŞİ,Relic,Palestine,Verso,Golden Cloud,War Relic,Pherozshah,Fair Trial,È±Ùº,Pinceau,Rustom Pasha,Gold Bridge,Chamossaire
¾ØÉÊÅ,,ÎŞ°ÙÄŞÙ°×°,,,,,Old Trieste,´°Ëß°²İÃŞ¨,»İ¼¬²İÌ«°´³Ş§°,¼±ÄÙ½Ù°,Vigors,ÛÍŞÙÄ,É°»ŞİÀŞİ»°,Bold Reasoning,¾¸ÚÀØ±Ä,Grey Dawn,Crozier,Í²ÙÄ©Ø°½Şİ,¸ŞÛ°½À°¸,Nearctic,Barbizon
¾ÙÌÒİ¼®İ,,¾ŞÀŞ°İ,,,,,Ê²´½ÄµÅ°,¹İÏ°Ù,ÀŞİ¼İ¸ŞÌŞÚ°³Ş,¶×Ñ°İ,Ø³Ş§°Ïİ,ØÌ§°Ù,Kris,¾ŞÀŞ°İ,Ï²Ø°¼Ş¬İ,Never Bend,Sir Gaylord,É°»ŞİÀŞİ»°,Drone,¼¬°Íßİ±¯Ìß,ÊŞ¯¸Êß»°
¾Ú½±°½,,¸×Øµİ,,,,,±Ù¶İ¸Ş,»¶Ş½,ØÌ§°Ù,Ø­Ã¨´,±²Ø¯¼­Ø³Ş§°,É°»ŞİÀŞİ»°,Ø³Ş§°Ïİ,Klairon,Chaparral,Ø³Ş§°Ïİ,Ü²ÙÄŞØ½¸,Nearctic,º°ÄÏ°¼¬Ù,Never Bend,Í²ÙÄ©Ø°½Şİ
¾İÀ°×ÌŞØ°,,»°¹Ş²Û°ÄŞ,,,,,·¬ÛÙÊ³½,Lord Gayle,É°»ŞİÃ°½Ä,Sir Gaylord,¼ÙÊŞ°¼¬°¸,É°»ŞİÀŞİ»°,Native Charger,Turn-to,º°ÄÏ°¼¬Ù,Buisson Ardent,³Ş¨Ğ°,Nearctic,Victoria Park,È²Ã¨³ŞÀŞİ»°,ÀŞÏ½¶½
¾İÄ¼Ù³Ş¨±,,µ°´İÃ­°ÀŞ°,,,,,Cadeaux Genereux,Young Generation,Kaldoun,Balidar,¼¬°Íßİ±¯Ìß,¶Û,ÇÚ²´Ì,³¨Ù»Ï°½Ş,Shantung,´Àİ,Soderini,Ì«ÙÃ¨É,Le Haar,É°»ŞİÀŞİ»°,¾¸ÚÀØ±Ä
¾İÄ¾ÚÅ°ÄŞ,,Ú²½Ş±È²Ã¨³Ş,,,,,Ì«°Ã¨Å²Å°,Ğ½À°ÌßÛ½Íß¸À°,Affirmed,Raise a Native,ÄÑÛÙÌ,Exclusive Native,Never Bend,È²Ã¨³ŞÀŞİ»°,Å¼­±,Ribot,Double Jay,Raise a Native,Crafty Admiral,Nasrullah,Double Jay
¿Æ¯¸ÀŞ²ÊŞ°,,Ú²½Ş±È²Ã¨³Ş,,,,,Ğ½Ü·,Ğ½À°ÌßÛ½Íß¸À°,±ØÀŞ°,Raise a Native,ÊŞ¯¸Êß»°,Raise a Native,Ø­Ã¨´,È²Ã¨³ŞÀŞİ»°,Å¼­±,Tom Fool,Princequillo,È²Ã¨³ŞÀŞİ»°,On-and-On,Klairon,ÎŞİÓ°
¿ÙÃ¨¼¬¯¸,,ÃÃŞ¨,,,,,¿³ÙµÌŞ»ŞÏÀ°,Private Terms,²ÌŞİÍŞ²,Ìß×²³Şª°Ä±¶³İÄ,T.V.Commercial,ĞÙØ°Ì,Ó¶ŞĞ,ÀŞÏ½¶½,ÎŞ°ÙÄŞÙ°×°,T.V.Lark,Tell,Never Bend,Ê²Ä¯Ìß,ØÌ§°Ù,Êß°¿Ûİ
¿ÙÍŞİÄ½Ã°¼Ş,,ÃÃŞ¨,,,,,Ò¼ŞÛÃŞ­Úİ,Ì¨ÃŞ¨µİ,ÖÄŞË°Û°,Djakao,ØÏİÄŞ,¶Ş°»İÄ,Êß°¿Ûİ,Tanerko,Sicambre,±Ù»²ÄŞ,ËİÄŞ½Àİ,Bubbles,ÌªØµ°Ù,Ï²Ø°¼Ş¬İ,ÀØÔ°Ä½
¿ÛĞ­°Ä¿İ¸Ş,,¾ŞÀŞ°İ,,,,,ÄÆ°ËŞİ,¶İÊß×,Always Run Lucky,¶×Ñ°İ,Hornbeam,What Luck,±²Ø¯¼­Ø³Ş§°,¾ŞÀŞ°İ,µİØ°Ì«±×²Ì,Ê²ÍßØµİ,Preciptic,ÎŞ°ÙÄŞÙ°×°,Delta Judge,Ø³Ş§°Ïİ,É°»ŞİÀŞİ»°
ÀŞ²¸½¶°Ú¯Ä,,Í²ÙÄ©Ø°½Şİ,,,,,±¸ŞÈ½À·µİ,»İÃŞ°»²Úİ½,É°»ŞİÃ°½Ä,Í²Û°,Û²ÔÙ½·°,É°»ŞİÀŞİ»°,¸ØÑ¿Şİ»Àİ,Í²ÙÄ©Ø°½Şİ,±İÀŞ°½ÀİÃŞ¨İ¸Ş,Raja Baba,ØÏİÄŞ,Nearctic,Victoria Park,Spy Song,Beau Max
ÀŞ²Å¶°Ù,,É°»ŞİÀŞİ»°,,,,,É°»ŞİÃ°½Ä,É°»ŞİÀŞİ»°,¶Ş°»İÄ,Nearctic,Victoria Park,Bubbles,Never Say Die,È±Ùº,È²Ã¨³ŞÀŞİ»°,Chop Chop,Ê²ÍßØµİ,La Farina,Brantome,Nasrullah,Big Game
ÀŞ²Ô±¸ÄÚ½,,É°»ŞİÀŞİ»°,,,,,É°»ŞİÃ°½Ä,É°»ŞİÀŞİ»°,ÓÃŞÙÌ°Ù,Nearctic,Victoria Park,Tom Fool,Red God,È±Ùº,È²Ã¨³ŞÀŞİ»°,Chop Chop,Ê²ÍßØµİ,Menow,War Jeep,Nasrullah,Sun Again
ÀŞ²Ü½¶°Ú¯Ä,,Í²ÙÄ©Ø°½Şİ,,,,,±¸ŞÈ½À·µİ,»İÃŞ°»²Úİ½,É°»ŞİÃ°½Ä,Í²Û°,Û²ÔÙ½·°,É°»ŞİÀŞİ»°,¸ØÑ¿Şİ»Àİ,Í²ÙÄ©Ø°½Şİ,±İÀŞ°½ÀİÃŞ¨İ¸Ş,Raja Baba,ØÏİÄŞ,Nearctic,Victoria Park,Spy Song,Beau Max
À¹ÉÏ¼Ş¯¸,,È²Ã¨³ŞÀŞİ»°,,,,,ÀŞİ»°½Ş²Ò°¼Ş,È²Ã¨³ŞÀŞİ»°,Ì§ÊŞ°¼Ş,Polynesian,Noor,Princely Gift,ËİÄŞ½Àİ,Unbreakable,Discovery,Nasrullah,Challenger,Nasrullah,Legend of France,Bois Roussel,Ä»ĞÄŞØ
ÀŞÀŞÅ²Ä,,Ï²ÊŞÌŞ°,,,,,Ò¼ŞÛÏ¯¸²°İ,Ò¼ŞÛÃ¨À°İ,É°»ŞİÃ°½Ä,Ò¼ŞÛ±»Ï,ØÏİÄŞ,É°»ŞİÀŞİ»°,Lt.Stevens,Êß°¿Ûİ,½É¯ÌŞ,±Ù»²ÄŞ,ËİÄŞ½Àİ,Nearctic,Victoria Park,Nantallah,Bronze Babu
ÀÆÉ¼½À°,,È³Ş§°ÍŞİÄŞ,,,,,Ù¼®İ,Ø³Ş§°Ïİ,Ä³¼®³ÎŞ°²,Never Bend,Marshua's Dancer,Ã½ºÎŞ°²,ÀŞİÃŞ¨Ù°Ä,Nasrullah,Prince John,Raise a Native,Sea O Erin,Princely Gift,Your Host,Ø­Ã¨´,Ã­°ÀŞ°ÍßØµ¯ÄŞ
ÀŞİ½²İ»ŞÑ°ÄŞ,,Í²ÙÄ©Ø°½Şİ,,,,,»İÃŞ°»²Úİ½,Í²Û°,Æ¼Şİ½·°,Í²ÙÄ©Ø°½Şİ,±İÀŞ°½ÀİÃŞ¨İ¸Ş,É°»ŞİÀŞİ»°,·°Ä©»ŞĞİÄ,Turn-to,Cosmic Bomb,Promised Land,Montparnasse,Nearctic,ÌŞÙÍß°¼Ş,¸ŞÛ°½À°¸,Raise a Native
ÀŞİ½Á¬°Ï°,,É°»ŞİÀŞİ»°,,,,,ÇÚ²´Ì,É°»ŞİÀŞİ»°,Nodouble,Nearctic,Ì«ÙØ,Noholme,Daryl's Joy,È±Ùº,È²Ã¨³ŞÀŞİ»°,Aristophanes,Nantallah,Star Kingdom,Double Jay,Stunning,Greek Game
ÀŞİ½Êß°ÄÅ°,,Í²ÙÄ©Ø°½Şİ,,,,,»İÃŞ°»²Úİ½,Í²Û°,Æ¼Şİ½·°,Í²ÙÄ©Ø°½Şİ,±İÀŞ°½ÀİÃŞ¨İ¸Ş,É°»ŞİÀŞİ»°,·°Ä©»ŞĞİÄ,Turn-to,Cosmic Bomb,Promised Land,Montparnasse,Nearctic,ÌŞÙÍß°¼Ş,¸ŞÛ°½À°¸,Raise a Native
ÀŞİ½Î°Ù¸²İ,,Ú²½Ş±È²Ã¨³Ş,,,,,ÄŞÊŞ²ĞÚÆ±Ñ,¼°·İ¸Ş»ŞºŞ°ÙÄŞ,ÀŞİÁË,Ğ½À°ÌßÛ½Íß¸À°,shareef dancer,É°»ŞİÀŞİ»°,Ë½ŞÏ¼Şª½Ã¨,Raise a Native,ÊŞ¯¸Êß»°,É°»ŞİÀŞİ»°,Pretense,Nearctic,Admiral's Voyage,Ribot,Raise a Native
ÀŞİÁª¯¸,,É°»ŞİÀŞİ»°,,,,,¸ŞØ°İÃŞ»Ş°Ä,ÀŞİÁË,Beau Genius,É°»ŞİÀŞİ»°,»°±²³Ş§°,Bold ruckus,Mr.Leader,Nearctic,Admiral's Voyage,Sir Gaylord,Never Bend,Boldnesian,³Ş§²½Ø°¶ŞÙ,Í²ÙÄ©Ø°½Şİ,Raise a Native
Á°¸À²Ñ,,É°»ŞİÀŞİ»°,,,,,Sinndar,Grand Lodge,»ŞĞİ½ÄÚÙ,Á°Ì½Ş¸×³İ,lashkari,É°»ŞİÀŞİ»°,Å¼­±,ÀŞİÁË,ÊËŞÀ¯Ä,ĞÙØ°Ì,Ä¯Ìß³Ş¨Ù,Nearctic,Victoria Park,Nasrullah,Sadair
Á¬°¼Ş¬°,,Ìª±Ä×²±Ù,,,,,½½ŞÊßÚ°ÄŞ,¿ÙÃ¨İºŞ,Slewpy,ÍßÃ¨İºŞ,ÛÑÙ½,¼±ÄÙ½Ù°,Val de l'Orne,Petition,Orvieto,Ribot,³Ş¨Ğ°,Bold Reasoning,Prince John,Val de Loir,Cutlass
ÂÊŞ·ÌŞÚ²³Ş,,Ú²½Ş±È²Ã¨³Ş,,,,,³«°´İÌŞÚÑ,Our Emblem,ÊŞİÌŞ°ËŞ·Şİ,Ğ½À°ÌßÛ½Íß¸À°,Lord at War,ÊŞİÌŞ°±Ä×½,¼±ÄÙ½Ù°,Raise a Native,Ìß×²³Şª°Ä±¶³İÄ,General,The Pruner,¼ŞÑÌÚİÁ,É°»ŞİÃ°½Ä,Bold Reasoning,±ØÀŞ°
Ã°ÙØÊŞ°½,,ØÎŞ°,,,,,Roanoke,ÌßÚ»ŞİÄºÛÆ°,Dixieland Band,Ë½ŞÏ¼Şª½Ã¨,Sea-Bird,É°»ŞİÀŞİ»°,Promised Land,Ribot,Sunrise Flight,Dan Cupid,Cornish Prince,Nearctic,Delta Judge,Palestinian,King Dorsett
Ã¨±´½ÎßÜ°Ù,,Ú²½Ş±È²Ã¨³Ş,,,,,Ğ¼Ù,Ğ½Ü·,Êß°¸Ø°¼ŞªİÄ,Ğ½À°ÌßÛ½Íß¸À°,The Axe,³Ş§²½Ø°¼ŞªİÄ,Ä³¼®³ÎŞ°²,Raise a Native,ÊŞ¯¸Êß»°,Ï°Ñ°ÄŞ,Bold Lad,É°»ŞİÀŞİ»°,Victoria Park,Ã½ºÎŞ°²,Never Say Die
Ã¨±ÙĞÅ,,ÄÑÌ°Ù,,,,,ÓİÄÌŞÙ¯¸,Buckaroo,Lomond,ÊŞ¯¸Êß»°,Jet Diplomacy,É°»ŞİÀŞİ»°,Etonian,Tom Fool,No Robbery,Explodent,Diplomat Way,Nearctic,Poker,Owen Tudor,Arctic Prince
Ã²¸Ä©Ê°Ä,,ÌŞ×İÄ°Ñ,,,,,Íß²»ŞÊŞÄ×°,Val de l'Orne,Konigsstuhl,Val de Loir,¸ŞÛ°½À°¸,Dschingis Khan,Pentathlon,Vieux Manoir,Armistice,Ribot,Silnet,Tamerlane,Tiepoletto,Ennis,Priamos
ÃŞ»Ş°Ä·­°ÌŞ,,Í²ÙÄ©Ø°½Şİ,,,,,¼Ş®Ø°½ŞÍ²Û°,Í²Û°,¼°·İ¸Ş»ŞºŞ°ÙÄŞ,Í²ÙÄ©Ø°½Şİ,»°±²³Ş§°,Ğ½À°ÌßÛ½Íß¸À°,Cyane,Turn-to,Cosmic Bomb,Sir Gaylord,Fleet Nasrullah,Raise a Native,ÊŞ¯¸Êß»°,Turn-to,Restless Native
ÃŞÌŞØ°Ì¨İ¸Ş,,Ú²½Ş±È²Ã¨³Ş,,,,,¼Şª²ÄŞÊİÀ°,Ğ½À°ÌßÛ½Íß¸À°,±ÎÇ°×,Raise a Native,Pharly,ÛÚİ»Ş¯Áµ,Ä×²Ï²ÍŞ½Ä,È²Ã¨³ŞÀŞİ»°,Å¼­±,ØÌ§°Ù,Match,Klairon,Martial,É°»ŞİÀŞİ»°,×²İºŞ°ÙÄŞ
ÃİÌßÙÅ²Ä,,È³Ş§°ÍŞİÄŞ,,,,,ÌŞÚ²³Şª½ÄÛ°Ïİ,Never Bend,Ğ½À°¼°ËŞ°,Nasrullah,Roman,Ä³¼®³ÎŞ°²,ÊŞ°ÊŞ°,È±Ùº,Djeddah,Sir Gallahad,Sun Again,Ã½ºÎŞ°²,ÄËßµ,Princely Gift,Êß°¿Ûİ
ÃİÍß½Ä¸²°İ,,ØÎŞ°,,,,,¸ŞÛ°½À°¸,Ribot,Summer Tan,Tenerani,±ØÊŞ²,Heliopolis,Royal Coinage,Bellini,El Greco,Ê²ÍßØµİ,Beau Pere,Ê²ÍßØµİ,Omaha,Eight Thirty,Ï°Ñ°ÄŞ
ÃİÎß×Í²½Ş,,Ú¯ÄŞºŞ¯ÄŞ,,,,,Å¼­Üİ,ÌŞ×¯¼İ¸Ş¸ŞÙ°Ñ,±²Ø¯¼­Ø³Ş§°,Red God,ÊŞ½Ã¨É,Ø³Ş§°Ïİ,Shoemaker,Nasrullah,Ü²ÙÄŞØ½¸,ÊŞ½Ã¯ÄŞ,Queen's Hussar,Never Bend,Klairon,¾İÄ¸Ú½Ëßİ,Darius
ÄŞ°À°×²Ä,,ÄÑÌ°Ù,,,,,¼ÙÊŞ°Á¬°Ñ,¼ÙÊŞ°ÊŞ¯¸,Ï²Æİ¸Ş,ÊŞ¯¸Êß»°,Poker,Ğ½À°ÌßÛ½Íß¸À°,Clever Trick,Tom Fool,Í²ÙÄ©Ø°½Şİ,×³İÄŞÃ°ÌŞÙ,Wise Margin,Raise a Native,ÊŞ¯¸Êß»°,±²½¶Íß²ÄŞ,Pia Star
Ä°İ½À²Ù,,Ú²½Ş±È²Ã¨³Ş,,,,,·İ¸Ş½ŞÍŞ½Ä,·İ¸ŞÏİÎŞ,¼ÙÊŞ°Á¬°Ñ,Ğ½À°ÌßÛ½Íß¸À°,Lombard,¼ÙÊŞ°ÊŞ¯¸,Indian Ridge,Raise a Native,ÇÚ²´Ì,agio,Espresso,ÊŞ¯¸Êß»°,Poker,±ÎÇ°×,¶°Ø±İ
Ä´ÙÌª½¶,,ËÑÔ°,,,,,ÄŞ¸À°Ìª²¶Ş°,Rough'n Tumble,ÀŞÏ½¶½,Free for All,Better Self,¿°ÄŞÀŞİ»°,Tanerko,Questionnaire,Bull Dog,Bimelech,Bull Brier,Sunglow,My Babu,Tantieme,Ticino
Ä·¶Ş·ÀÉÀŞ,,ØÎŞ°,,,,,Sauce Boat,·°Ä©»ŞĞİÄ,Ğ½À°ÌßÛ½Íß¸À°,¸ŞÛ°½À°¸,My Babu,Raise a Native,ÀŞÏ½¶½,Ribot,Princequillo,Djebel,Umidwar,È²Ã¨³ŞÀŞİ»°,Å¼­±,¿°ÄŞÀŞİ»°,É°»ŞİÀŞİ»°
ÄÅ¶²,,ÃÃŞ¨,,,,,Lido,Tanerko,Double Jay,Tantieme,Abernant,Balladier,Ê²ÍßØµİ,Deux Pour Cent,Fair Copy,Owen Tudor,William of Valence,Black Toney,Whisk Broom,Gainsborough,Atout Maitre
Ä×²Ìß¯¼­,,Ú²½Ş±È²Ã¨³Ş,,,,,ºÛÅÄŞ½Ş¸´½Ä,Ì«°Ã¨Å²Å°,Lord at War,Ğ½À°ÌßÛ½Íß¸À°,ÀŞÏ½¶½,General,Verbatim,Raise a Native,ÄÑÛÙÌ,¿°ÄŞÀŞİ»°,ÎŞ°ÙÄŞÙ°×°,ÌŞØ¶ŞÃŞ¨±¼Şª×°ÄŞ,Con Brio,Speak John,Fleet Nasrullah
ÄŞ×ÏÃ¨¯¸Ú²,,Í²ÙÄ©Ø°½Şİ,,,,,ÌŞ×²±İ½ŞÀ²Ñ,ÛÍŞÙÄ,ÀÏÓ¸Û½,Í²ÙÄ©Ø°½Şİ,¸ŞÛ°½À°¸,¼°ËŞ°¸Û½,É°»ŞİÃ°½Ä,Turn-to,Å¼­±,Ribot,Hasty Road,Ì«ÙÃ¨É,¼¬Ä°¹Ş²,É°»ŞİÀŞİ»°,Ú±Ø°Ø°¶ŞÙ
Ä×İ¼Ş½À,,Í²ÙÄ©Ø°½Şİ,,,,,¼Ù¸¼Ş¬½Ã¨½,ÌŞ×²±İ½ŞÀ²Ñ,Ûİ¸Ş´°½,ÛÍŞÙÄ,»Ã¨İºŞ,Ê°ÄŞØÄŞİ,Ê²¾²º°,Í²ÙÄ©Ø°½Şİ,¸ŞÛ°½À°¸,ÍßÃ¨İºŞ,¾ÀŞİ,Hard Sauce,Ã¨´ÎßÛ,Á¬²ÅÛ¯¸,ÀŞ¯Êß°ÀŞİ
Ä×İËß±½,,Í²ÙÄ©Ø°½Şİ,,,,,¼Ù¸¼Ş¬½Ã¨½,ÌŞ×²±İ½ŞÀ²Ñ,Ûİ¸Ş´°½,ÛÍŞÙÄ,»Ã¨İºŞ,Ê°ÄŞØÄŞİ,Ê²¾²º°,Í²ÙÄ©Ø°½Şİ,¸ŞÛ°½À°¸,ÍßÃ¨İºŞ,¾ÀŞİ,Hard Sauce,Ã¨´ÎßÛ,Á¬²ÅÛ¯¸,ÀŞ¯Êß°ÀŞİ
ÄŞØ°ÑÌÙ°Ù,,É°»ŞİÀŞİ»°,,,,,É°»ŞİÃ°½Ä,É°»ŞİÀŞİ»°,¼°Î°¸,Nearctic,Victoria Park,´ÙÊŞ¼Şª,Determine,È±Ùº,È²Ã¨³ŞÀŞİ»°,Chop Chop,Ê²ÍßØµİ,Vandale,Free Man,±ØÊŞ²,King Dorsett
ÄŞØ°Ñ×İÅ°,,É°»ŞİÀŞİ»°,,,,,¼ŞªÈ×½,¶°Ø±İ,Ø±Ù¼¬ÀŞ²,Æ¼Şİ½·°,Master Derby,ÛÍŞÙÄ,Sham,É°»ŞİÀŞİ»°,×³İÄŞÃ°ÌŞÙ,ÀŞ½ÄºÏİÀŞ°,Tulyar,Í²ÙÄ©Ø°½Şİ,²İØ±ØÃ¨,Pretense,Never Bend
ÄÚ³Ş,,É°»ŞİÀŞİ»°,,,,,Motivator,Óİ¼Ş­°,Anabaa,»ÄŞ×°½Ş³ªÙ½Ş,ºŞ°İ³ª½Ä,ÀŞİÁË,Ø³Ş§°Ïİ,É°»ŞİÀŞİ»°,Ä¯Ìß³Ş¨Ù,Ğ½À°ÌßÛ½Íß¸À°,¼¬°Íßİ±¯Ìß,É°»ŞİÀŞİ»°,¹Ş²Ò¾İ,Never Bend,ØÌ§°Ù
ÄÜ²×²ÄÒÛ°,,ÄÑÌ°Ù,,,,,½Ã²¼ŞË°Û°,Cawston's Clown,Ûİ¸Ş´°½,Comedy Star,±Û°´¸½ÌßÚ½,Ê°ÄŞØÄŞİ,Ê²¾²º°,Tom Fool,Con Brio,½ÊßÆ¯¼­²¸½ÌßÚ½,Red God,Hard Sauce,Ã¨´ÎßÛ,Á¬²ÅÛ¯¸,ÀŞ¯Êß°ÀŞİ
Å°½ÎÜ²Ä,,É°»ŞİÀŞİ»°,,,,,ÄŞØ°Ñ³ªÙ,»ÄŞ×°½Ş³ªÙ½Ş,ÊßÄŞ½°Ù,É°»ŞİÀŞİ»°,±Ú¯¼ŞÄŞ,ĞÙØ°Ì,É°»ŞİÃ°½Ä,Nearctic,Bold Reason,Hoist the Flag,Northfields,Never Bend,Star Moss,É°»ŞİÀŞİ»°,ÏØ°É
Å²Ä±Û°İ,,É°»ŞİÀŞİ»°,,,,,Salt Lake,ÃŞËß­Ã¨ĞÆ½À°,Spectacular Bid,³Ş§²½Ø°¼ŞªİÄ,Queen City Lad,Bold Bidder,Hard Work,É°»ŞİÀŞİ»°,Bunty's Flight,Olden Times,Take Away,ÎŞ°ÙÄŞÙ°×°,Promised Land,Golden Ruler,Mt.Hope
Å²Ä×²ÀŞ°½,,Ú²½Ş±È²Ã¨³Ş,,,,,Í¸À°ÌßÛÃ¸À°,³¯ÄŞÏİ,Assert,Ğ½À°ÌßÛ½Íß¸À°,Ø³Ş§°Ïİ,ËŞ°Ï²¹Ş½Ä,Mount Hagen,Raise a Native,ÊŞ¯¸Êß»°,Never Bend,ÀŞÏ½¶½,É°»ŞİÀŞİ»°,Sea-Bird,Bold Bidder,Gratitude
Æ¼ÉÌ×Ü°,,Ú²½Ş±È²Ã¨³Ş,,,,,Majestic Light,Ï¼Şª½Ã¨¯¸ÌßØİ½,ÀŞİÁË,Raise a Native,Ribot,É°»ŞİÀŞİ»°,Le Fabuleux,È²Ã¨³ŞÀŞİ»°,Royal Charger,Tenerani,Ambiorix,Nearctic,Admiral's Voyage,Ü²ÙÄŞØ½¸,ÎŞ°ÙÄŞÙ°×°
Æ¼ÉÏ¯¸½,,Æ±°¸Ã¨¯¸,,,,,Ü²ÙÄŞ±¹Ş²İ,±²½¶Íß²ÄŞ,Ìß×²³Şª°Ä±¶³İÄ,Nearctic,Khaled,ÀŞÏ½¶½,ÄÑÛÙÌ,È±Ùº,È²Ã¨³ŞÀŞİ»°,Ê²ÍßØµİ,ÀŞİÃ,¿°ÄŞÀŞİ»°,ÊŞ¯¸Êß»°,Ribot,Dark Star
Æ­°¶ÌßÁ°É,,Ú²½Ş±È²Ã¨³Ş,,,,,ØİÄŞ¼ª°ÊŞ°,±ØÀŞ°,Ó°Æİ¸ŞÌÛ°Ø¯¸,Raise a Native,Cool Moon,Grey Dawn,¾İÄ¸Ú½Ëßİ,È²Ã¨³ŞÀŞİ»°,On-and-On,Nearctic,Donut King,´ÙÊŞ¼Şª,Bold Hour,Aureole,±Îß¯½Ù
Ç°³ŞªÙ±²,,É°»ŞİÀŞİ»°,,,,,ÊßİÄÚ¾ÚÌŞÙ,ÇÚ²´Ì,Bering,É°»ŞİÀŞİ»°,±ØÀŞ°,Arctic Tern,»ÄŞ×°½Ş³ªÙ½Ş,Nearctic,Ì«ÙØ,Raise a Native,ÊËŞÀ¯Ä,Sea-Bird,ØÌ§°Ù,É°»ŞİÀŞİ»°,¶Û
È²¼Ş­¼´Ù,,É°»ŞİÀŞİ»°,,,,,Æ¿Şİ,Æ¼Şİ½·°,ÊŞ°ÎŞİÌßØİ½,É°»ŞİÀŞİ»°,Stage Door Johnny,Princequillo,Ä»ĞÄŞØ,Nearctic,ÌŞÙÍß°¼Ş,Prince John,Goyama,Prince Rose,Bull Lea,ÌßØÒÛ,Ä¼¼Û
Èµ²İÊßÙ½,,É°»ŞİÀŞİ»°,,,,,ºÏİÀŞ°²İÁ°Ì,ÀŞİ¼İ¸ŞÌŞÚ°³Ş,Ï·¬ÍŞØ±İ,ØÌ§°Ù,ÛÍŞÙÄ,Ğ½À°ÌßÛ½Íß¸À°,Lomond,É°»ŞİÀŞİ»°,Drone,Í²ÙÄ©Ø°½Şİ,Raise a Native,Raise a Native,Í²Û°,É°»ŞİÀŞİ»°,Djakao
É°½Ì×²Ä,,¾ŞÀŞ°İ,,,,,ÄÆ°ËŞİ,¶İÊß×,Ë¯Ã¨İ¸Ş±³ª°,¶×Ñ°İ,Hornbeam,Ambiorix,Porterhouse,¾ŞÀŞ°İ,µİØ°Ì«±×²Ì,Ê²ÍßØµİ,Preciptic,Tourbillon,War Admiral,Endeavour,Khaled
É°½Ø±ÙÄ,,Ú²½Ş±È²Ã¨³Ş,,,,,Ã¨İÊŞ°¶İÄØ°,³¯ÄŞÏİ,Cadeaux Genereux,Ğ½À°ÌßÛ½Íß¸À°,Pretense,Young Generation,Kaldoun,Raise a Native,ÊŞ¯¸Êß»°,Endeavour,Swaps,Balidar,¼¬°Íßİ±¯Ìß,¶Û,ÇÚ²´Ì
É°ÌŞÚ½ÒÄŞÚ°,,¾ŞÀŞ°İ,,,,,ÄÆ°ËŞİ,¶İÊß×,ÏÙ¾Şİ½·°,¶×Ñ°İ,Hornbeam,Æ¼Şİ½·°,³ŞªİÁ±,¾ŞÀŞ°İ,µİØ°Ì«±×²Ì,Ê²ÍßØµİ,Preciptic,É°»ŞİÀŞİ»°,ÊŞ¯¸Êß»°,Relic,¹Ş²À²Ñ
É³Ş§Ì¨×ÒİÄ,,ÌŞÚÆÑ,,,,,ÑÄÄ,ÊŞ½Ã¯ÄŞ,Ò¼ŞÛÃŞ­Úİ,¸ÚÍßÛ,Ğİ¼µ,Ì¨ÃŞ¨µİ,½Ã¨°ÙÊ°Ä,Donatello,³Ş¨Ğ°,Relic,Alycidon,Djakao,ØÏİÄŞ,ÊËŞÀ¯Ä,¼İ»Şİ
Ê°Ä»Ï,,Ìª±³ª²,,,,,±²×İÄŞÎÜ°Ù,Pago Pago,Law Society,Matrice,Your Alibhai,±Ú¯¼ŞÄŞ,¹Ş²Ò¾İ,Masthead,Abbots Fell,±ØÊŞ²,È²Ã¨³ŞÀŞİ»°,Hoist the Flag,Boldnesian,³Şª²¸ŞØ°É°ÌŞÙ,É°»ŞİÀŞİ»°
Ê°ÄŞÄØ¯¸,,Ú²½Ş±È²Ã¨³Ş,,,,,Crafty Prospector,Ğ½À°ÌßÛ½Íß¸À°,¾¸ÚÄ,Raise a Native,²İØ±ØÃ¨,É°»ŞİÀŞİ»°,Olden Times,È²Ã¨³ŞÀŞİ»°,Å¼­±,Intentionally,Royal Note,Nearctic,¾¸ÚÀØ±Ä,Relic,Pronto
Ê°Ìß½À°,,Í²ÙÄ©Ø°½Şİ,,,,,ÃŞ¨°Ìß²İÊß¸Ä,»İÃŞ°»²Úİ½,Ì§ÙÌŞ×³Ş,Í²Û°,±Ù»Şµ,Ìª±Ø°·İ¸Ş,ÄÆ°ËŞİ,Í²ÙÄ©Ø°½Şİ,±İÀŞ°½ÀİÃŞ¨İ¸Ş,ØÌ§°Ù,ÊŞ½Ã¯ÄŞ,É°»ŞİÀŞİ»°,Slewpy,¶İÊß×,É°»ŞİÀŞİ»°
Ê°ÍŞ½ÄÑ°İ,,ÃÃŞ¨,,,,,Ò¼ŞÛÃŞ­Úİ,Ì¨ÃŞ¨µİ,Û¯¸µÌŞ¼ŞÌŞ×ÙÀÙ,Djakao,ØÏİÄŞ,ÃŞ²İËÙ,ÇÚ²´Ì,Tanerko,Sicambre,±Ù»²ÄŞ,ËİÄŞ½Àİ,ÀŞİÁË,ËŞ°Ï²¹Ş½Ä,É°»ŞİÀŞİ»°,±ØÀŞ°
Ê²³ª²Û¯¸,,¾ŞÀŞ°İ,,,,,³²Æİ¸ŞÁ¹¯Ä,ÄÆ°ËŞİ,Û²ÔÙ½·°,¶İÊß×,ÏÙ¾Şİ½·°,Raja Baba,Ê°ÄŞØÄŞİ,¶×Ñ°İ,Hornbeam,Æ¼Şİ½·°,Ã½ºÎŞ°²,ÎŞ°ÙÄŞÙ°×°,Involvement,Hard Sauce,¿ÛÅ³ª°
Ê²³´½Ä,,Ú¯ÄŞºŞ¯ÄŞ,,,,,¸ÛºÙ°¼Ş­,Ú²İÎŞ³¸´½Ä,Ğ½Ü·,ÌŞ×¯¼İ¸Ş¸ŞÙ°Ñ,±Ú¯¼ŞÄŞ,Ğ½À°ÌßÛ½Íß¸À°,Dixieland Band,Red God,´ÙÊŞ¼Şª,Hoist the Flag,×³İÄŞÃ°ÌŞÙ,Raise a Native,ÊŞ¯¸Êß»°,É°»ŞİÀŞİ»°,²İØ±ØÃ¨
Ê²ÍŞÛ¼Ã¨,,ÃÃŞ¨,,,,,Ò¼ŞÛÃŞ­Úİ,Ì¨ÃŞ¨µİ,½Ã¨°ÙÊ°Ä,Djakao,ØÏİÄŞ,ÊËŞÀ¯Ä,¼İ»Şİ,Tanerko,Sicambre,±Ù»²ÄŞ,ËİÄŞ½Àİ,Sir Gaylord,Abernant,ËİÄŞ½Àİ,ÌŞ×İÌŞÙ°
Ê²×³Ş§Ë¯Ä,,Ú²½Ş±È²Ã¨³Ş,,,,,¼Şª²ÄŞÛÊŞØ°,Ğ½À°ÌßÛ½Íß¸À°,ĞÙ¼Ş®°¼Ş,Raise a Native,Æ¼Şİ½·°,ĞÙØ°Ì,³ŞªİÁ±,È²Ã¨³ŞÀŞİ»°,Å¼­±,É°»ŞİÀŞİ»°,Ì«ÙØ,Never Bend,Ragusa,Relic,¼İ»Şİ
Êß¼Ì¨¶½,,É°»ŞİÀŞİ»°,,,,,É°»ŞİÀŞİ»°,Nearctic,ÀŞÏ½¶½,È±Ùº,È²Ã¨³ŞÀŞİ»°,¿°ÄŞÀŞİ»°,Acropolis,Pharos,Ê²ÍßØµİ,Polynesian,Ï°Ñ°ÄŞ,Sunglow,My Babu,Donatello,Mossborough
Êß½ÃÙ¼ª²Ìß,,Í²ÙÄ©Ø°½Şİ,,,,,±¸ŞÈ½À·µİ,»İÃŞ°»²Úİ½,ÎÜ²ÄÏ½ŞÙ,Í²Û°,Û²ÔÙ½·°,ÀŞİ¼İ¸ŞÌŞÚ°³Ş,ÄÆ°ËŞİ,Í²ÙÄ©Ø°½Şİ,±İÀŞ°½ÀİÃŞ¨İ¸Ş,Raja Baba,ØÏİÄŞ,ØÌ§°Ù,Ela-Mana-Mou,¶İÊß×,Forceten
ÊÂº²¹°Ù,,Í²ÙÄ©Ø°½Şİ,,,,,»İÃŞ°»²Úİ½,Í²Û°,Le Fabuleux,Í²ÙÄ©Ø°½Şİ,±İÀŞ°½ÀİÃŞ¨İ¸Ş,Ü²ÙÄŞØ½¸,²İØ±ØÃ¨,Turn-to,Cosmic Bomb,Promised Land,Montparnasse,Rialto,Verso,Intentionally,Cornish Prince
Ê¯Ëß°ÌŞ×²Ä,,Í²ÙÄ©Ø°½Şİ,,,,,¸Ø½´½,ÛÍŞÙÄ,Ì«°Ã¨Å²Å°,Í²ÙÄ©Ø°½Şİ,Princequillo,Ğ½À°ÌßÛ½Íß¸À°,Never Bend,Turn-to,Å¼­±,Prince Rose,Occupy,Raise a Native,ÄÑÛÙÌ,Nasrullah,War Admiral
Ê¯Ëß°×²¸,,ÎŞ°ÙÄŞÙ°×°,,,,,À²·ÌŞØ»Ş°ÄŞ,¼±ÄÙ½Ù°,ÄŞ¸À°ÃŞ³Ş¨±½,Bold Reasoning,»»Ì×,±ÎÇ°×,ËŞ°Ï²¹Ş½Ä,Boldnesian,Poker,Sheshoon,Í²ÙÄ©Ø°½Şİ,ÛÚİ»Ş¯Áµ,±Ú¯¼ŞÄŞ,É°»ŞİÀŞİ»°,ÊŞ½Ã¯ÄŞ
ÊßÃ¨Å,,É°»ŞİÀŞİ»°,,,,,¼İº³Ì«Ú½Ä,¸ŞØ°İÃŞ»Ş°Ä,ÌŞÛ°ÄŞÌŞ×¯¼­,ÀŞİÁË,±ÎÇ°×,±¸±¸,Ìß×²³Şª°Ä±¶³İÄ,É°»ŞİÀŞİ»°,»°±²³Ş§°,ÛÚİ»Ş¯Áµ,Match,Battle Joined,Hoist the Flag,ÀŞÏ½¶½,·°Ä©»ŞĞİÄ
ÊÆ°Ä×¯Ìß,,É°»ŞİÀŞİ»°,,,,,Æ¼Şİ½·°,É°»ŞİÀŞİ»°,Aureole,Nearctic,ÌŞÙÍß°¼Ş,Ê²ÍßØµİ,Lacaduv,È±Ùº,È²Ã¨³ŞÀŞİ»°,Bull Lea,Menow,Gainsborough,Donatello,Tornado,Chateau Bouscaut
ÊËßÈ½¼İ·İ¸Ş,,É°»ŞİÀŞİ»°,,,,,ÃİËŞ°,¶°Ø±İ,¶º²°¼°½Ş,Æ¼Şİ½·°,Kalaglow,±ØÀŞ°,ÏÙ¾Şİ½·°,É°»ŞİÀŞİ»°,×³İÄŞÃ°ÌŞÙ,¶×Ñ°İ,ĞÙØ°Ì,Raise a Native,Jester,Æ¼Şİ½·°,ÎŞ°ÙÄŞ×¯ÄŞ
ÊßËßÖİ·­°Ä,,ÎŞ°ÙÄŞÙ°×°,,,,,¶Îß°Ã¨,¼±ÄÙ½Ù°,Fabulous Dancer,Bold Reasoning,Bald Eagle,É°»ŞİÀŞİ»°,Saint Cyrien,Boldnesian,Poker,Nasrullah,Dark Star,Nearctic,The Axe,Ø­Ã¨´,ÎŞ°ÙÄŞ×¯ÄŞ
ÊŞÌŞÙ±¯ÌßØ½ŞÑ,,Ú²½Ş±È²Ã¨³Ş,,,,,¼°·İ¸Ş»ŞºŞ°ÙÄŞ,Ğ½À°ÌßÛ½Íß¸À°,ÌßÚ»ŞİÄºÛÆ°,Raise a Native,ÊŞ¯¸Êß»°,Ë½ŞÏ¼Şª½Ã¨,Æ¼Şİ½·°,È²Ã¨³ŞÀŞİ»°,Å¼­±,Tom Fool,Hasty Road,Ribot,Sunrise Flight,É°»ŞİÀŞİ»°,Ğ½À°ÌßÛ½Íß¸À°
ÊØ³¯ÄŞÄŞØ°Ñ,,Í²ÙÄ©Ø°½Şİ,,,,,ÊŞÌŞÙ¶ŞÑÌªÛ°,»İÃŞ°»²Úİ½,Isopach,Í²Û°,ØÌ§°Ù,Reviewer,Cure the Blues,Í²ÙÄ©Ø°½Şİ,±İÀŞ°½ÀİÃŞ¨İ¸Ş,É°»ŞİÀŞİ»°,Prominer,ÎŞ°ÙÄŞÙ°×°,No Robbery,Stop the Music,½Ä×ÀŞËŞİ½·°
ÊÙ°Ü½³¨°Ä,,Ú²½Ş±È²Ã¨³Ş,,,,,Ï·¬ÍŞØ±İ,Ğ½À°ÌßÛ½Íß¸À°,ÇÚ²´Ì,Raise a Native,Í²Û°,É°»ŞİÀŞİ»°,ÌŞ×¯¼İ¸Ş¸ŞÙ°Ñ,È²Ã¨³ŞÀŞİ»°,Å¼­±,Í²ÙÄ©Ø°½Şİ,Hoist the Flag,Nearctic,Ì«ÙØ,Red God,Í²Û°
ÊÙ³××,,É°»ŞİÀŞİ»°,,,,,Æ¯Îß°Ã²µ°,Ø²Ì«°,×¯·°¿ÌŞØİ,ØÌ§°Ù,×ÊŞ°¼Ş®İ,Æ¼Şİ½·°,Ã½ºÎŞ°²,É°»ŞİÀŞİ»°,Sing Sing,ÀŞÏ½¶½,Êß°¿Ûİ,É°»ŞİÀŞİ»°,Pardao,Princely Gift,Êß°¿Ûİ
ÊÙ½º°Ù,,ÎŞÜÙ¾Ù,,,,,ÌßÚ¼ŞÃŞİÄ¼Á°,ÀŞ²º°À°,Ìß×²³Şª°Ä±¶³İÄ,ËİÄŞ½Àİ,ÏÀÄŞ±,ÀŞÏ½¶½,Ğ½À°ÌßÛ½Íß¸À°,Bois Roussel,Lillolkid,Golden Cloud,Êß°¿Ûİ,¿°ÄŞÀŞİ»°,ÊŞ¯¸Êß»°,Raise a Native,Francis S.
ÊÛ³¨İÊß°Ã¨,,ØÎŞ°,,,,,ÌßÚ»ŞİÄÀ¯Ìß,ÌßÚ»ŞİÄºÛÆ°,petrone,Ë½ŞÏ¼Şª½Ã¨,Stage Door Johnny,Prince Taj,grand central,Ribot,Sunrise Flight,Prince John,Never Bend,Prince Bio,Ü²ÙÄŞØ½¸,Hasty Road,Creme Dela Creme
ÊŞİÄŞ×°,,Ú²½Ş±È²Ã¨³Ş,,,,,Raise a Native,È²Ã¨³ŞÀŞİ»°,Royal Coinage,Polynesian,Case Ace,Eight Thirty,º°ÄÏ°¼¬Ù,Unbreakable,Discovery,Teddy,American Flag,Pilate,Bull Dog,Fair Trial,Big Game
Ëß°½½ÌßÚ¯ÄŞ,,Ì§²İÄ¯Ìß,,,,,Ë¼Ğ×¸Ù,»¯¶°ÎŞ°²,ÃŞËŞ¯ÄŞ¼Ş­Æ±,ÃŞ¨¸À½,¼ª²ÃŞ¨Ê²Â,ÌßÚ»ŞİÄÀ¯Ìß,Pistolet Bleu,Sanctus,É°»ŞİÃ°½Ä,¼¬°Ø°Ê²Â,×Å°¸,ÌßÚ»ŞİÄºÛÆ°,±²Ø¯¼­Ø³Ş§°,Ä¯Ìß³Ş¨Ù,Tourangeau
Ëß°ÁËß¯Ä,,ÊİÌßÄİ,,,,,±¶ÃÅİºŞ,Surumu,»ŞĞİ½ÄÚÙ,Literat,Aggressor,É°»ŞİÀŞİ»°,À¯Ìßµİ³¯ÄŞ,Birkhahn,Ø×²±İ½,Combat,Mr.Jinks,Nearctic,Victoria Park,Sallust,Prince Tenderfoot
ËŞ°Å½½À°,,Ú²½Ş±È²Ã¨³Ş,,,,,´ÌŞÛ½,Ğ½À°ÌßÛ½Íß¸À°,³Ş§²½Ø°¶ŞÙ,Raise a Native,Ì«ÙØ,É°»ŞİÀŞİ»°,Û°ÄŞØ°¼Ş,È²Ã¨³ŞÀŞİ»°,Å¼­±,Aristophanes,Nantallah,Nearctic,Menetrier,Sir Gaylord,ËİÄŞ½Àİ
ËßºËßºÏ°Á,,Í²ÙÄ©Ø°½Şİ,,,,,±ÄŞÏ²ÔÍŞ¶Ş,»İÃŞ°»²Úİ½,Topsider,Í²Û°,ÄÆ°ËŞİ,É°»ŞİÀŞİ»°,Sir Gaylord,Í²ÙÄ©Ø°½Şİ,±İÀŞ°½ÀİÃŞ¨İ¸Ş,¶İÊß×,É°»ŞİÀŞİ»°,Nearctic,×³İÄŞÃ°ÌŞÙ,Turn-to,Jet Pilot
Ë¼±Ï¿Şİ,,É°»ŞİÀŞİ»°,,,,,¼±ÄØ¶Ù,ÇÚ²´Ì,ÉÉ±Ùº,É°»ŞİÀŞİ»°,»»Ì×,Nearctic,ÎßØ¯¸,Nearctic,Ì«ÙØ,Sheshoon,Í²ÙÄ©Ø°½Şİ,È±Ùº,Hasty Road,Relic,Honeyway
Ë½ÄØ¯¸½À°,,É°»ŞİÀŞİ»°,,,,,Ì§ÙÌŞ×³Ş,Ìª±Ø°·İ¸Ş,ÄÆ°ËŞİ,É°»ŞİÀŞİ»°,Slewpy,¶İÊß×,É°»ŞİÀŞİ»°,Nearctic,Bold Reason,¼±ÄÙ½Ù°,Lithiot,¶×Ñ°İ,Hornbeam,Nearctic,Tom Fool
Ëß½ÄÙ×İÌŞ,,É°»ŞİÀŞİ»°,,,,,Pivotal,polar falcon,Common Grounds,ÇÚ²´Ì,º¼Ş°İ,Kris,shareef dancer,É°»ŞİÀŞİ»°,jefferson,¶Û,ÊŞ½Ã¨É,¼¬°Íßİ±¯Ìß,ØÌ§°Ù,É°»ŞİÀŞİ»°,ÀŞ½ÄºÏİÀŞ°
ËŞ¯Ä¸×¯¶°,,É°»ŞİÀŞİ»°,,,,,Ê°ÄÚ²¸,ÇÚ²´Ì,»İ¼¬²İÎŞ°²,É°»ŞİÀŞİ»°,Exclusive Native,Ã½ºÎŞ°²,½ÊßÆ¯¼­²¸½ÌßÚ½,Nearctic,Ì«ÙØ,Raise a Native,Prince John,Princely Gift,Airborne,Sovereign Path,¼ÏÀ¶
ËßÆ¬º×°ÀŞ,,Í²ÙÄ©Ø°½Şİ,,,,,ÀÔ½ÂÖ¼,»İÃŞ°»²Úİ½,É°»ŞİÃ°½Ä,Í²Û°,¶Û,É°»ŞİÀŞİ»°,Ë¯Ã¨İ¸Ş±³ª°,Í²ÙÄ©Ø°½Şİ,±İÀŞ°½ÀİÃŞ¨İ¸Ş,Ì«ÙÃ¨É,ÊŞ¯¸Êß»°,Nearctic,Victoria Park,Ambiorix,Determine
ËŞÊŞ×ËŞ°ÀŞ,,É°»ŞİÀŞİ»°,,,,,Awesome Again,ÃŞËß­Ã¨ĞÆ½À°,½Ä°ÑÊŞ°ÄŞ,³Ş§²½Ø°¼ŞªİÄ,ÌŞ×¯¼İ¸Ş¸ŞÙ°Ñ,É°»ŞİÀŞİ»°,Coastal,É°»ŞİÀŞİ»°,Bunty's Flight,Red God,Ğ½À°ÌßÛ½Íß¸À°,Nearctic,New Providence,Ï¼Şª½Ã¨¯¸ÌßØİ½,Sanctus
ËŞËŞ¯ÄŞ¶×°,,ËÑÔ°,,,,,ºİ»°İ,ÌŞÛ°ÄŞÌŞ×¯¼­,ÀŞ²Åº½Ó½,±¸±¸,Tunerup,ÊİÀ°ºÑ,²İÀ°Ò¿Ş,Battle Joined,Hoist the Flag,The Pruner,Princely Native,Derring-Do,É°»ŞİÃ°½Ä,Hornbeam,Ã¨´ÎßÛ
Ëß­±¾ÚÌŞÚ²ÄŞ,,ÎŞÜÙ¾Ù,,,,,ÌßÚ¼ŞÃŞİÄ¼Á°,ÀŞ²º°À°,ÖÄŞË°Û°,ËİÄŞ½Àİ,ÏÀÄŞ±,¶Ş°»İÄ,Relko,Bois Roussel,Lillolkid,Golden Cloud,Êß°¿Ûİ,Bubbles,ÌªØµ°Ù,Tanerko,Nantallah
Ëß­±¾ÚÓÆ°,,ÎŞÜÙ¾Ù,,,,,ÌßÚ¼ŞÃŞİÄ¼Á°,ÀŞ²º°À°,ÖÄŞË°Û°,ËİÄŞ½Àİ,ÏÀÄŞ±,¶Ş°»İÄ,Relko,Bois Roussel,Lillolkid,Golden Cloud,Êß°¿Ûİ,Bubbles,ÌªØµ°Ù,Tanerko,Nantallah
ËŞØ°³Ş,,Í²ÙÄ©Ø°½Şİ,,,,,»İÃŞ°»²Úİ½,Í²Û°,ÀŞİÁË,Í²ÙÄ©Ø°½Şİ,±İÀŞ°½ÀİÃŞ¨İ¸Ş,É°»ŞİÀŞİ»°,±²½¶Íß²ÄŞ,Turn-to,Cosmic Bomb,Promised Land,Montparnasse,Nearctic,Admiral's Voyage,Nearctic,Young Emperor
ËŞÜÊ²¼Ş,,É°»ŞİÀŞİ»°,,,,,¶°Ø±İ,Æ¼Şİ½·°,Lord Gayle,É°»ŞİÀŞİ»°,×³İÄŞÃ°ÌŞÙ,Sir Gaylord,Luciano,Nearctic,ÌŞÙÍß°¼Ş,Princequillo,Í²ÙÄ©Ø°½Şİ,Turn-to,º°ÄÏ°¼¬Ù,Henry the Seventh,Ticino
Ì§°½Äµ°ÀŞ°,,ØÎŞ°,,,,,Law Society,±Ú¯¼ŞÄŞ,¹Ş²Ò¾İ,Hoist the Flag,Boldnesian,³Şª²¸ŞØ°É°ÌŞÙ,É°»ŞİÀŞİ»°,ÄÑÛÙÌ,Prince John,ÎŞ°ÙÄŞÙ°×°,Summer Tan,³Ş¨´Å,Sir Gaylord,Nearctic,»°±²³Ş§°
Ì§°½ÄÄŞØ¯Ìß,,ØÎŞ°,,,,,À²Ä½Îß¯Ä,Ë½ŞÏ¼Şª½Ã¨,ÃŞ²İËÙ,Ribot,ØÌ§°Ù,ÀŞİÁË,Cure the Blues,Tenerani,±ØÊŞ²,É°»ŞİÀŞİ»°,Never Bend,É°»ŞİÀŞİ»°,Ë½ŞÏ¼Şª½Ã¨,Stop the Music,Í²ÙÄ©Ø°½Şİ
Ì§ËŞ×½×Ì²İ,,É°»ŞİÀŞİ»°,,,,,Fabulous Dancer,É°»ŞİÀŞİ»°,Kaldoun,Nearctic,The Axe,¶Û,Carvin,È±Ùº,È²Ã¨³ŞÀŞİ»°,Ï°Ñ°ÄŞ,Honeyway,Ì«ÙÃ¨É,Le Haar,ÏØ°É,Neptune
Ì§ÙÀŞ°»²İ,,Ê²ÍßØµİ,,,,,Key to Content,Ì«ÙØ,ÊŞ¯¸Êß»°,Aristophanes,Princequillo,Tom Fool,Swoon's Son,Ê²ÍßØµİ,Advocate,Prince Rose,War Admiral,Menow,War Admiral,The Doge,Count Fleet
Ì§ÚÉÌß¼½,,Í²ÙÄ©Ø°½Şİ,,,,,ÌŞ×²±İ½ŞÀ²Ñ,ÛÍŞÙÄ,½Ä°Ñ·¬¯Ä,Í²ÙÄ©Ø°½Şİ,¸ŞÛ°½À°¸,½Ä°ÑÊŞ°ÄŞ,ÀŞÏ½¶½,Turn-to,Å¼­±,Ribot,Hasty Road,É°»ŞİÀŞİ»°,¾¸ÚÀØ±Ä,¿°ÄŞÀŞİ»°,Acropolis
Ì§İ¼°ÄŞ°Ù,,²İÃİÄ,,,,,Ã¨½ŞÅ³,cee's tizzy,Salt Lake,ØÛ°İÁ,seattle song,ÃŞËß­Ã¨ĞÆ½À°,¼Ş¬¯¼Ş¬°,²İØ±ØÃ¨,ØÌ§°Ù,¼±ÄÙ½Ù°,Å²½ÀŞİ»°,³Ş§²½Ø°¼ŞªİÄ,Queen City Lad,ÀŞÏ½¶½,Í²ÙÄ©Ø°½Şİ
Ì§İÀ¼Ş±×¯Ã,,Í²ÙÄ©Ø°½Şİ,,,,,Saint Ballado,Í²Û°,±²½¶Íß²ÄŞ,Í²ÙÄ©Ø°½Şİ,´ÙÊŞ¼Şª,Nearctic,Circle Home,Turn-to,Cosmic Bomb,Vandale,Cohoes,È±Ùº,È²Ã¨³ŞÀŞİ»°,Bold Bidder,Prince John
Ì§İÄÑÏ²İÄŞ,,²İÃİÄ,,,,,³«°Æİ¸Ş,É³İÌ§¸Ä,Majestic Light,²İØ±ØÃ¨,ÛÍŞÙÄ,Ï¼Şª½Ã¨¯¸ÌßØİ½,Stevward,Intentionally,Ã¨ÑÀÑ,Í²ÙÄ©Ø°½Şİ,Raise a Native,Raise a Native,Ribot,Å¼­±,È²Ã¨³ŞÀŞİ»°
Ì¨°ÙÄŞØÊŞ°,,Í²ÙÄ©Ø°½Şİ,,,,,»İÃŞ°»²Úİ½,Í²Û°,¼İÎŞØÙÄŞÙÌ,Í²ÙÄ©Ø°½Şİ,±İÀŞ°½ÀİÃŞ¨İ¸Ş,Êß°¿Ûİ,È³Ş§°ËŞ°Ä,Turn-to,Cosmic Bomb,Promised Land,Montparnasse,Ï²Ø°¼Ş¬İ,½Ëß°ÄŞ¼İÎŞØ,Never Say Die,Á¬²ÅÛ¯¸
Ì¨¯¼­Ì§²Ä,,É°»ŞİÀŞİ»°,,,,,ÍßİÀ²±,ËŞ°Ï²¹Ş½Ä,»¸×¼®³Ø,É°»ŞİÀŞİ»°,ĞÙØ°Ì,Êß°¿Ûİ,ÃŞ²ÊŞ²İ·ŞÌÄ,Nearctic,Tudor Minstrel,Never Bend,Blakeney,Ï²Ø°¼Ş¬İ,Ì«ÙÃ¨É,Princely Gift,·İ¸Ş½ÍŞİÁ
ÌŞ²È¯¸Å²Ä,,Í²ÙÄ©Ø°½Şİ,,,,,Ø±Ù¼¬ÀŞ²,ÛÍŞÙÄ,½Ù°»ŞÄŞ×ºŞİ,Í²ÙÄ©Ø°½Şİ,²İØ±ØÃ¨,¼±ÄÙ½Ù°,Á¬²ÅÛ¯¸,Turn-to,Å¼­±,Intentionally,Moslem Chief,Bold Reasoning,Prince John,Rockefella,Ä»ĞÄŞØ
Ì¨ÙÑ¶¯¼°,,É°»ŞİÀŞİ»°,,,,,ÌßÙ×Ø½ŞÑ,»ŞĞİ½ÄÚÙ,¶³±²·İ¸Ş,É°»ŞİÀŞİ»°,ÛÍŞÙÄ,È²Ã¨³ŞÀŞİ»°,È³Ş§°ËŞ°Ä,Nearctic,Victoria Park,Í²ÙÄ©Ø°½Şİ,Sicambre,Polynesian,Blenheim,Never Say Die,ØİÎŞ°
Ìª±Ê°ÓÆ°,,Í²ÙÄ©Ø°½Şİ,,,,,¼Ù³Ş§°Î°¸,ÛÍŞÙÄ,½Ä°Ñ·¬¯Ä,Í²ÙÄ©Ø°½Şİ,±ÒØºŞ,½Ä°ÑÊŞ°ÄŞ,Sauce Boat,Turn-to,Å¼­±,È±Ùº,Mat de Cocagne,É°»ŞİÀŞİ»°,¾¸ÚÀØ±Ä,·°Ä©»ŞĞİÄ,Great Sun
Ìª²¸½Ø°Êß°,,È²Ã¨³ŞÀŞİ»°,,,,,Bering,Arctic Tern,African Song,Sea-Bird,ØÌ§°Ù,African Sky,ÃŞ¨¸À½,Dan Cupid,Hasty Road,É°»ŞİÀŞİ»°,Le Fabuleux,Sing Sing,native prince,Sanctus,Soleil Levant
ÌŞ´ÅËŞ½À,,Í²ÙÄ©Ø°½Şİ,,,,,½Íß¼¬Ù³¨°¸,»İÃŞ°»²Úİ½,¶°Ø±İ,Í²Û°,ÏÙ¾Şİ½·°,Æ¼Şİ½·°,Lord Gayle,Í²ÙÄ©Ø°½Şİ,±İÀŞ°½ÀİÃŞ¨İ¸Ş,Æ¼Şİ½·°,¾İÄ¸Ú½Ëßİ,É°»ŞİÀŞİ»°,×³İÄŞÃ°ÌŞÙ,Sir Gaylord,Luciano
Ì«Äİ¸×³İ,,Ï²ÊŞÌŞ°,,,,,Ä³¶²Ã²µ°,¼İÎŞØÙÄŞÙÌ,Ã¨İÊŞ°¶İÄØ°,Êß°¿Ûİ,Å²½ÀŞİ»°,³¯ÄŞÏİ,É°»ŞİÃ°½Ä,Ï²Ø°¼Ş¬İ,½Ëß°ÄŞ¼İÎŞØ,É°»ŞİÀŞİ»°,Ì§ÊŞ°¼Ş,Ğ½À°ÌßÛ½Íß¸À°,Pretense,É°»ŞİÀŞİ»°,Ë¯Ã¨İ¸Ş±³ª°
Ì«ÙÃ¨¯¼Ó,,É°»ŞİÀŞİ»°,,,,,Boundary,ÀŞİÁË,³¯ÄŞÏİ,É°»ŞİÀŞİ»°,ÀŞÏ½¶½,Ğ½À°ÌßÛ½Íß¸À°,Aferd,Nearctic,Admiral's Voyage,¿°ÄŞÀŞİ»°,×³İÄŞÃ°ÌŞÙ,Raise a Native,ÊŞ¯¸Êß»°,Hoist the Flag,Beauquillo
Ì«ÙĞÓ°Ã,,Í²ÙÄ©Ø°½Şİ,,,,,ÊŞÌŞÙ¶ŞÑÌªÛ°,»İÃŞ°»²Úİ½,Law Society,Í²Û°,ØÌ§°Ù,±Ú¯¼ŞÄŞ,Luciano,Í²ÙÄ©Ø°½Şİ,±İÀŞ°½ÀİÃŞ¨İ¸Ş,É°»ŞİÀŞİ»°,Prominer,Hoist the Flag,Boldnesian,Henry the Seventh,Ticino
Ì«Û°±İ¼Ş­,,ÃÃŞ¨,,,,,Ò¼ŞÛÃŞ­Úİ,Ì¨ÃŞ¨µİ,´ÙºİÄŞÙÊß»°,Djakao,ØÏİÄŞ,·İ¸ŞÏİÎŞ,ÄÆ°ËŞİ,Tanerko,Sicambre,±Ù»²ÄŞ,ËİÄŞ½Àİ,Ğ½À°ÌßÛ½Íß¸À°,»ÄŞ×°½Ş³ªÙ½Ş,¶İÊß×,ØÌ§°Ù
ÌßÁ×²ÄŞÈ¯Ä,,ÌßØİ½Ø°·ŞÌÄ,,,,,»¸×ÊŞ¸¼İµ°,»¸×ÕÀ¶µ°,ÊÊŞ¯Ä,Ã½ºÎŞ°²,É°»ŞİÃ°½Ä,ÊËŞÀ¯Ä,»İ¼°,Princely Gift,È³Ş§°ËŞ°Ä,É°»ŞİÀŞİ»°,Ambiopoise,Sir Gaylord,Sunny Boy,Sanctus,È³Ş§°ËŞ°Ä
ÌÕÉ´Ù½·°,,Í²ÙÄ©Ø°½Şİ,,,,,Dynaformer,ÛÍŞÙÄ,ÀŞİÁË,Í²ÙÄ©Ø°½Şİ,Ë½ŞÏ¼Şª½Ã¨,É°»ŞİÀŞİ»°,Sir Gaylord,Turn-to,Å¼­±,Ribot,Olympia,Nearctic,Admiral's Voyage,Turn-to,Bold Lad
Ì×²İ¸Ş³«°À°,,ÊËŞÀ¯Ä,,,,,ÊËŞÀ¯Ä,Sir Gaylord,Ribot,Turn-to,Occupy,Tenerani,¶Ş°»İÄ,Royal Charger,Princequillo,Bull Dog,Challenger,Bellini,El Greco,Bubbles,Bois Roussel
ÌŞ×¯¸´İÌŞÚÑ,,Ú²½Ş±È²Ã¨³Ş,,,,,³«°´İÌŞÚÑ,Our Emblem,Í¸À°ÌßÛÃ¸À°,Ğ½À°ÌßÛ½Íß¸À°,Lord at War,³¯ÄŞÏİ,³Şª²¸ŞØ°É°ÌŞÙ,Raise a Native,Ìß×²³Şª°Ä±¶³İÄ,General,The Pruner,Ğ½À°ÌßÛ½Íß¸À°,Ø³Ş§°Ïİ,³Ş¨´Å,»°±²³Ş§°
Ì×ÑÙ°ÍŞ,,ÌßØİ½Ø°·ŞÌÄ,,,,,»¸×ÕÀ¶µ°,Ã½ºÎŞ°²,É°»ŞİÃ°½Ä,Princely Gift,È³Ş§°ËŞ°Ä,É°»ŞİÀŞİ»°,Chieftain,Nasrullah,Ê²ÍßØµİ,Never Say Die,Õ±Ê²È½,Nearctic,Victoria Park,ÎŞ°ÙÄŞÙ°×°,Swaps
Ì×Ü°Êß°¸,,ÊËŞÀ¯Ä,,,,,ÆÎİËßÛ³²Å°,½Ã¨°ÙÊ°Ä,É°»ŞİÃ°½Ä,ÊËŞÀ¯Ä,Á¬²ÅÛ¯¸,É°»ŞİÀŞİ»°,Dike,Sir Gaylord,Abernant,Rockefella,×²¼Şİ¸ŞÌÚ°Ñ,Nearctic,Victoria Park,´ÙÊŞ¼Şª,¾İÄ¸Ú½Ëßİ
ÌŞ×İÓİÄŞ,,ÎŞÜÙ¾Ù,,,,,ĞÎ¼İ»Şİ,¼İ»Şİ,Û²ÔÙ½·°,ËİÄŞ½Àİ,Ñ°Ã¨´,Raja Baba,ØÏİÄŞ,Bois Roussel,ÊÔÀ¹,Sicambre,³¨Ù»Ï°½Ş,ÎŞ°ÙÄŞÙ°×°,Involvement,±Ù»²ÄŞ,Sallymount
ÌßØ°½Ä×²İ,,²İÃİÄ,,,,,´²¼İËŞİ¾İ½,ØÛ°İÁ,Pistolet Bleu,²İØ±ØÃ¨,Table Play,Ä¯Ìß³Ş¨Ù,Tourangeau,Intentionally,The Axe,×³İÄŞÃ°ÌŞÙ,Fomento,Ê²Ä¯Ìß,Armos,Val de Loir,Cadmus
ÌßØÌßØÃ¨Ã¨,,Ú²½Ş±È²Ã¨³Ş,,,,,±İÌŞ×²ÄŞÙ½Ş¿İ¸Ş,Unbridled,General Meeting,Ì§Ëß±É,¶Û,¼±ÄÙ½Ù°,Ø³Ş§°Ïİ,Ğ½À°ÌßÛ½Íß¸À°,Le Fabuleux,Ì«ÙÃ¨É,Lucky Mel,Bold Reasoning,±ØÀŞ°,Never Bend,Pia Star
ÌŞØØ±İÄ×ÊŞ°,,Ú²½Ş±È²Ã¨³Ş,,,,,±ÌØ°Ä,Ğ½À°ÌßÛ½Íß¸À°,Ì§ÊŞ°¼Ş,Raise a Native,Venetian Jester,Princely Gift,ÀŞ²Ê°ÄŞ,È²Ã¨³ŞÀŞİ»°,Å¼­±,Tom Fool,Green Ticket,Nasrullah,Legend of France,Never Say Die,ËİÄŞ½Àİ
ÌŞØİ¸Ş²¯Äµİ,,ÀŞİÃ,,,,,Pistolet Bleu,Ä¯Ìß³Ş¨Ù,Tourangeau,Ê²Ä¯Ìß,Armos,Val de Loir,Cadmus,Derring-Do,Charlottesville,Mossborough,Klairon,Vieux Manoir,Tornado,Supreme Court,Soleil Levant
ÌßØİÄ¼®¯Ìß,,Í²ÙÄ©Ø°½Şİ,,,,,»İÃŞ°»²Úİ½,Í²Û°,Ò¼ŞÛÃŞ­Úİ,Í²ÙÄ©Ø°½Şİ,±İÀŞ°½ÀİÃŞ¨İ¸Ş,Ì¨ÃŞ¨µİ,ÖÄŞË°Û°,Turn-to,Cosmic Bomb,Promised Land,Montparnasse,Djakao,ØÏİÄŞ,¶Ş°»İÄ,Êß°¿Ûİ
ÌßÙ°¸ÎŞ°¹Şİ,,Ì§²İÄ¯Ìß,,,,,»¯¶°ÎŞ°²,ÃŞ¨¸À½,¸ØÑ¿Şİ»Àİ,Sanctus,É°»ŞİÃ°½Ä,Spy Song,Rattle Dancer,Fine Top,Worden,É°»ŞİÀŞİ»°,Princely Gift,Balladier,Requiebro,È²Ã¨³ŞÀŞİ»°,Klairon
ÌßÙ°ÌÏ½¶×,,´Àİ,,,,,Halling,ÀŞ²²¼½,Ìª±Ø°·İ¸Ş,¼¬°Íßİ±¯Ìß,¸ŞØ°İÀŞİ»°,É°»ŞİÀŞİ»°,Ú¯ÄŞ±×°Ä,´Àİ,Ø×²±İ½,Æ¼Şİ½·°,Pontifex,Nearctic,Bold Reason,Red God,Pampered King
ÌÚ¯¼­¼®¯Ä,,Ú¯ÄŞºŞ¯ÄŞ,,,,,×°²,ÌŞ×¯¼İ¸Ş¸ŞÙ°Ñ,¼±ÄÙ½Ù°,Red God,Í²Û°,Bold Reasoning,¸ŞÛ°½À°¸,Nasrullah,Ü²ÙÄŞØ½¸,Í²ÙÄ©Ø°½Şİ,´ÙÊŞ¼Şª,Boldnesian,Poker,Ribot,Hasty Road
ÌÚ¯¼­Êß×Ò,,É°»ŞİÀŞİ»°,,,,,µ°½,Ìª±Ø°·İ¸Ş,¶°Ø±İ,É°»ŞİÀŞİ»°,ÄÛ²,Æ¼Şİ½·°,Ø­Ã¨´,Nearctic,Bold Reason,ÍßÃ¨İºŞ,±Ù»²ÄŞ,É°»ŞİÀŞİ»°,×³İÄŞÃ°ÌŞÙ,Klairon,Êß°¼±
ÌŞÛÄŞ³ª²½Ş,,È³Ş§°ÍŞİÄŞ,,,,,Bahri,Ø³Ş§°Ïİ,ÛÍŞÙÄ,Never Bend,Æ¼Şİ½·°,Í²ÙÄ©Ø°½Şİ,Æ¼Şİ½·°,Nasrullah,Prince John,É°»ŞİÀŞİ»°,Bold Bidder,Turn-to,Å¼­±,É°»ŞİÀŞİ»°,Nantallah
ÍŞ±ÄØ°Áª,,É°»ŞİÀŞİ»°,,,,,Mountain Cat,½Ä°Ñ·¬¯Ä,ÃŞ³Ş¨Ù½ŞÊŞ¯¸Ş,½Ä°ÑÊŞ°ÄŞ,·°Ä©»ŞĞİÄ,Í²Û°,Silver Series,É°»ŞİÀŞİ»°,¾¸ÚÀØ±Ä,¸ŞÛ°½À°¸,Never Bend,Í²ÙÄ©Ø°½Şİ,´ÙÊŞ¼Şª,Chieftain,Princequillo
Í±Ù°¼Ş­,,É°»ŞİÀŞİ»°,,,,,ÀŞİ½µÌŞ×²Ì,Æ¼Şİ½·°,Green Forest,É°»ŞİÀŞİ»°,²İØ±ØÃ¨,Shecky Greene,É³İÌ§¸Ä,Nearctic,ÌŞÙÍß°¼Ş,Intentionally,First Landing,Noholme,The Axe,²İØ±ØÃ¨,Nearctic
ÍŞ²ÙÊŞØ¹²ÄŞ,,ÄÑÌ°Ù,,,,,Reflected Glory,Jester,»°±²³Ş§°,Tom Fool,Palestinian,Sir Gaylord,Tom Fool,Menow,Eight Thirty,Sun Again,Belfonds,Turn-to,Mr.Trouble,Menow,Challenger
ÍŞ¶Ş,,¾ŞÀŞ°İ,,,,,ÄÆ°ËŞİ,¶İÊß×,É°»ŞİÀŞİ»°,¶×Ñ°İ,Hornbeam,Nearctic,Tom Fool,¾ŞÀŞ°İ,µİØ°Ì«±×²Ì,Ê²ÍßØµİ,Preciptic,È±Ùº,È²Ã¨³ŞÀŞİ»°,Menow,ÎŞ°ÙÄŞÙ°×°
Íß½¶Ä°Ú,,Ú¯ÄŞºŞ¯ÄŞ,,,,,±°Ğ¼Ş¬°,Ú²İÎŞ³¸´½Ä,ØÌ§°Ù,ÌŞ×¯¼İ¸Ş¸ŞÙ°Ñ,É°»ŞİÀŞİ»°,É°»ŞİÀŞİ»°,ÊŞ¯¸Êß»°,Red God,´ÙÊŞ¼Şª,Nearctic,ÊŞ¯¸Êß»°,Nearctic,º°ÄÏ°¼¬Ù,Tom Fool,Outing Class
ÍßÃŞ¨¸ŞØÌª²½,,Ú²½Ş±È²Ã¨³Ş,,,,,±ÌØ°Ä,Ğ½À°ÌßÛ½Íß¸À°,ÏÙ¾Şİ½·°,Raise a Native,Venetian Jester,Æ¼Şİ½·°,ÀŞ½ÄºÏİÀŞ°,È²Ã¨³ŞÀŞİ»°,Å¼­±,Tom Fool,Green Ticket,É°»ŞİÀŞİ»°,ÊŞ¯¸Êß»°,Bold Commander,Ñ°Ã¨´
ÍŞÙ¸Ø°Ä,,Í²ÙÄ©Ø°½Şİ,,,,,ÀŞ°¸¼¬ÄŞ³,ÀŞİ½²İ»ŞÀŞ°¸,´±¼ŞÊ°ÄŞ,»İÃŞ°»²Úİ½,Ìß×²³Şª°Ä±¶³İÄ,»¸×ÕÀ¶µ°,ÌŞÛ°ÄŞÌŞ×¯¼­,Í²Û°,Æ¼Şİ½·°,ÀŞÏ½¶½,ÀŞİÁË,Ã½ºÎŞ°²,Û²ÔÙ½·°,±¸±¸,Valid Appeal
ÍŞÙÅÙÄŞÚÃŞ¨,,ÊËŞÀ¯Ä,,,,,ÆÎİËßÛ³²Å°,½Ã¨°ÙÊ°Ä,É°»ŞİÃ°½Ä,ÊËŞÀ¯Ä,Á¬²ÅÛ¯¸,É°»ŞİÀŞİ»°,Cipol,Sir Gaylord,Abernant,Rockefella,×²¼Şİ¸ŞÌÚ°Ñ,Nearctic,Victoria Park,´Ù¾İÀ³Û,Court Harwell
ÍŞÙÍŞ¯Ä½¶²,,É°»ŞİÀŞİ»°,,,,,el prado,»ÄŞ×°½Ş³ªÙ½Ş,¹İÏ°Ù,É°»ŞİÀŞİ»°,»°±²³Ş§°,¶×Ñ°İ,À°ºŞÜ²½,Nearctic,Bold Reason,Sir Gaylord,Tom Fool,¾ŞÀŞ°İ,Ï²Ø°¼Ş¬İ,×³İÄŞÃ°ÌŞÙ,×Êß½
Îß²İÄÌ§²ÌŞ,,Í²ÙÄ©Ø°½Şİ,,,,,Í²Û°,Í²ÙÄ©Ø°½Şİ,Ì«ÙØ,Turn-to,Cosmic Bomb,Aristophanes,Nantallah,Royal Charger,Blue Swords,Pharamond,Ï°Ñ°ÄŞ,Ê²ÍßØµİ,Advocate,Nasrullah,Gold Bridge
Î¸ÄÍŞ¶Ş,,É°»ŞİÀŞİ»°,,,,,Å¸ŞÙ½·°,Æ¼Şİ½·°,Ì¨Ø¯ÌßµÌŞ½Íß²İ,É°»ŞİÀŞİ»°,Prince John,Tudor Melody,²´Û°ºŞ¯ÄŞ,Nearctic,ÌŞÙÍß°¼Ş,Princequillo,Double Jay,Tudor Minstrel,ÏÀÄŞ±,Red God,¼ÙÊŞ°¼¬°¸
Îß½ÄÌßÚ²Ô°,,É°»ŞİÀŞİ»°,,,,,¶°Ø±İ,Æ¼Şİ½·°,»ÄŞ×°½Ş³ªÙ½Ş,É°»ŞİÀŞİ»°,×³İÄŞÃ°ÌŞÙ,É°»ŞİÀŞİ»°,Ä¯Ìß³Ş¨Ù,Nearctic,ÌŞÙÍß°¼Ş,Princequillo,Í²ÙÄ©Ø°½Şİ,Nearctic,Bold Reason,Ê²Ä¯Ìß,Val de Loir
Î¯Ä´İÄØ°,,É°»ŞİÀŞİ»°,,,,,¼İ¸Ş½Ëß°Ù,In the Wings,Ï·¬ÍŞØ±İ,»ÄŞ×°½Ş³ªÙ½Ş,Í²Û°,Ğ½À°ÌßÛ½Íß¸À°,ÊŞ½Ã¨É,É°»ŞİÀŞİ»°,¼¬°Ø°Ê²Â,Í²ÙÄ©Ø°½Şİ,´ÙÊŞ¼Şª,Raise a Native,Í²Û°,ÊŞ½Ã¯ÄŞ,ÛÚİ»Ş¯Áµ
ÎÜ²Ä½É°,,È²Ã¨³ŞÀŞİ»°,,,,,µ¸ŞØ·¬¯Ìß,ÀŞİ¼İ¸Ş·¬¯Ìß,ÒİÃŞ½,È²Ã¨³ŞÀŞİ»°,¼ÙÊŞ°¼¬°¸,ÍŞØÌ§,Æ¿Şİ,Polynesian,Grey Sovereign,Buisson Ardent,È³Ş§°ËŞ°Ä,ØÌ§°Ù,¶Û,Æ¼Şİ½·°,ÀŞİÃŞ¨Ù°Ä
ÎÜ²Ä×ËŞ¯Â,,Ú²½Ş±È²Ã¨³Ş,,,,,·İ¸ŞÏİÎŞ,Ğ½À°ÌßÛ½Íß¸À°,Fabulous Dancer,Raise a Native,ÇÚ²´Ì,É°»ŞİÀŞİ»°,Kaldoun,È²Ã¨³ŞÀŞİ»°,Å¼­±,É°»ŞİÀŞİ»°,Prove Out,Nearctic,The Axe,¶Û,Carvin
ÎŞİÇ¼®º×,,È³Ş§°ÍŞİÄŞ,,,,,Ø³ŞØ±,Ø³Ş§°Ïİ,Ä×İ½±×İÃ¨¯¸,Never Bend,³Şª²¸ŞØ°É°ÌŞÙ,Nearctic,Ã½ºÎŞ°²,Nasrullah,Prince John,³Ş¨´Å,Honeys Alibi,È±Ùº,È²Ã¨³ŞÀŞİ»°,Princely Gift,ÊßÅ½Ø¯Êß°
Ï²ÈÄØ³Ñ,,Í²ÙÄ©Ø°½Şİ,,,,,Loup Solitaire,Ø±Ì§İ,Ì«°Ã¨Å²Å°,ÛÍŞÙÄ,ÇÚ²´Ì,Ğ½À°ÌßÛ½Íß¸À°,ØÌ§°Ù,Í²ÙÄ©Ø°½Şİ,Lt.Stevens,É°»ŞİÀŞİ»°,ÌßØÒ×,Raise a Native,ÄÑÛÙÌ,É°»ŞİÀŞİ»°,³ŞªİÁ±
Ï¼Şª½Ã¨Ú²,,ÎŞ°ÙÄŞÙ°×°,,,,,À²·ÌŞØ»Ş°ÄŞ,¼±ÄÙ½Ù°,ºÏİÀŞ°²İÁ°Ì,Bold Reasoning,»»Ì×,ÀŞİ¼İ¸ŞÌŞÚ°³Ş,Êß°¿Ûİ,Boldnesian,Poker,Sheshoon,Í²ÙÄ©Ø°½Şİ,ØÌ§°Ù,ÛÍŞÙÄ,Ï²Ø°¼Ş¬İ,³ŞªİÁ±
ÏÏÓ³²¯Êß²,,²İÃİÄ,,,,,ØÛ°İÁ,²İØ±ØÃ¨,ÌßÚ¼ŞÃŞİÄ¼Á°,Intentionally,The Axe,ÀŞ²º°À°,ÖÄŞË°Û°,Intent,Rough'n Tumble,Ï°Ñ°ÄŞ,Royal Note,ËİÄŞ½Àİ,ÏÀÄŞ±,¶Ş°»İÄ,Relko
ÏØ±Ğ×°¼Ş­,,ÀŞİÃ,,,,,¼Ş®³Ö°Ì§½Ä,Êİ»ŞÀŞİ»°,Three Legs,ÊÜ²,ÀŞİÃŞ¨Ù°Ä,ÍßÃ¨İºŞ,Moss Trooper,Utrillo,¿°ÄŞÀŞİ»°,Ø­Ã¨´,ÈÌßÃ­°Ç½,Petition,Hard Sauce,Levmoss,Agricola
ÏØ±×²Ä,,Í²ÙÄ©Ø°½Şİ,,,,,ÃŞ¨°Ìß²İÊß¸Ä,»İÃŞ°»²Úİ½,´ÙºİÄŞÙÊß»°,Í²Û°,±Ù»Şµ,·İ¸ŞÏİÎŞ,Ø³Ş§°Ïİ,Í²ÙÄ©Ø°½Şİ,±İÀŞ°½ÀİÃŞ¨İ¸Ş,ØÌ§°Ù,ÊŞ½Ã¯ÄŞ,Ğ½À°ÌßÛ½Íß¸À°,»ÄŞ×°½Ş³ªÙ½Ş,Never Bend,Ribot
ÏÙÍßİ»,,É°»ŞİÀŞİ»°,,,,,Orpen,Lure,»»ŞİÍ²Û°,ÀŞİÁË,ÃŞ³Ş¨Ù½ŞÊŞ¯¸Ş,Í²Û°,Logical,É°»ŞİÀŞİ»°,±ØÀŞ°,Í²Û°,Hoist the Flag,Í²ÙÄ©Ø°½Şİ,É°»ŞİÀŞİ»°,ÊŞ¯¸Êß»°,Tatan
ÏÛİÌª±Ø°,,Ú²½Ş±È²Ã¨³Ş,,,,,Ë¼±ØÀŞ°,±ØÀŞ°,¼¬İÊ²,Raise a Native,ÉÉ±Ùº,Procida,ÏÙ¾Şİ½·°,È²Ã¨³ŞÀŞİ»°,On-and-On,Nearctic,ÎßØ¯¸,Ğ½À°ÌßÛ½Íß¸À°,Ø³Ş§°Ïİ,Æ¼Şİ½·°,×Ì¨İºŞ×
Ğ°Ä±¯Ìß¾ĞÅ,,ËÑÔ°,,,,,ÌŞÛ°ÄŞÌŞ×¯¼­,±¸±¸,Valid Appeal,Battle Joined,Hoist the Flag,²İØ±ØÃ¨,¾¸ÚÀØ±Ä,Armageddon,Turn-to,ÄÑÛÙÌ,Turn-to,Intentionally,Moslem Chief,ÎŞ°ÙÄŞÙ°×°,Í²ÙÄ©Ø°½Şİ
Ğ°Ñ¾İ½,,¸×Øµİ,,,,,Indian Ridge,±ÎÇ°×,¶°Ø±İ,ÛÚİ»Ş¯Áµ,Swing Easy,Æ¼Şİ½·°,¶Û,Klairon,Martial,Delta Judge,½¶²Ï½À°,É°»ŞİÀŞİ»°,×³İÄŞÃ°ÌŞÙ,Ì«ÙÃ¨É,Carvin
Ğ¶´ÙØ¯Ìß,,ØÎŞ°,,,,,±ÚĞÛ°ÄŞ,ÄÑÛÙÌ,ºØÑ½·°,Ribot,Bold Reasoning,É°»ŞİÀŞİ»°,Êß°¿Ûİ,Tenerani,Roman,Boldnesian,Pappa Fourway,Nearctic,Francis S.,Ï²Ø°¼Ş¬İ,Å¼­±
ĞººÉÁ¶×,,É°»ŞİÀŞİ»°,,,,,É°±Ãİ¼®İ,¸ŞØ°İÀŞİ»°,ÀŞİ½°Ù,Æ¼Şİ½·°,Sovereign Path,Tantieme,µ°Û²,É°»ŞİÀŞİ»°,Val de Loir,Grey Sovereign,Orsini,Deux Pour Cent,Menetrier,Aureole,¾ÌÄ
Ğ½¸×Ø½,,Ì§²İÄ¯Ìß,,,,,ÅØÀÄ¯ÌßÛ°ÄŞ,»¯¶°ÎŞ°²,Baldski,ÃŞ¨¸À½,Affirmed,Æ¼Şİ½·°,Argument,Sanctus,É°»ŞİÃ°½Ä,Exclusive Native,Never Bend,É°»ŞİÀŞİ»°,Bald Eagle,Kautokeino,×³İÄŞÃ°ÌŞÙ
Ğ½Ğ½ÃÛİ,,Í²ÙÄ©Ø°½Şİ,,,,,Ì¼Ş·¾·,»İÃŞ°»²Úİ½,Ğ½À°ÌßÛ½Íß¸À°,Í²Û°,Le Fabuleux,Raise a Native,Roi Dagobert,Í²ÙÄ©Ø°½Şİ,±İÀŞ°½ÀİÃŞ¨İ¸Ş,Ü²ÙÄŞØ½¸,²İØ±ØÃ¨,È²Ã¨³ŞÀŞİ»°,Å¼­±,Sicambre,Spy Song
Ğ¯·°¸²°İ,,Í²ÙÄ©Ø°½Şİ,,,,,ÃŞ¨°Ìß²İÊß¸Ä,»İÃŞ°»²Úİ½,Gold Away,Í²Û°,±Ù»Şµ,Goldneyev,Procida,Í²ÙÄ©Ø°½Şİ,±İÀŞ°½ÀİÃŞ¨İ¸Ş,ØÌ§°Ù,ÊŞ½Ã¯ÄŞ,ÇÚ²´Ì,ÌŞ×¯¼İ¸Ş¸ŞÙ°Ñ,Ğ½À°ÌßÛ½Íß¸À°,±²½¶Íß²ÄŞ
Ğ¯¸½±¯Ìß,,Í²ÙÄ©Ø°½Şİ,,,,,»İÃŞ°»²Úİ½,Í²Û°,Ä¯Ìß³Ş¨Ù,Í²ÙÄ©Ø°½Şİ,±İÀŞ°½ÀİÃŞ¨İ¸Ş,Ê²Ä¯Ìß,Ø×²±İ½,Turn-to,Cosmic Bomb,Promised Land,Montparnasse,Derring-Do,Charlottesville,Tantieme,Botticelli
Ğ¯¸½Ì§İÄ,,É°»ŞİÀŞİ»°,,,,,¼¬°ÃŞ¨°,ÀŞİÁË,¶Â×·Ş´°½,É°»ŞİÀŞİ»°,Hoist the Flag,ÎŞ²½Ş¨°ÎŞ°²,²´×Êß,Nearctic,Admiral's Voyage,ÄÑÛÙÌ,Johns Joy,King's Troop,³ŞªİÁ±,Mossborough,¹Ş²À²Ñ
ĞØÀØ°¶Ş°Ù,,Ú²½Ş±È²Ã¨³Ş,,,,,·İ¸ŞÏİÎŞ,Ğ½À°ÌßÛ½Íß¸À°,»ÄŞ×°½Ş³ªÙ½Ş,Raise a Native,ÇÚ²´Ì,É°»ŞİÀŞİ»°,Pretense,È²Ã¨³ŞÀŞİ»°,Å¼­±,É°»ŞİÀŞİ»°,Prove Out,Nearctic,Bold Reason,Endeavour,Swaps
ĞÙ¸ÌŞÚ¯ÄŞ,,Ú²½Ş±È²Ã¨³Ş,,,,,Ğ¼´Û,Conquistador Cielo,É°»ŞİÃ°½Ä,Ğ½À°ÌßÛ½Íß¸À°,Thatch,É°»ŞİÀŞİ»°,Touching Wood,Raise a Native,Bold Commander,Ì«ÙØ,Nodouble,Nearctic,Victoria Park,ÛÍŞÙÄ,¸ÚÍßÛ
Ñ°ÌŞÒİÄ³¨İ,,Ú²½Ş±È²Ã¨³Ş,,,,,±İÌŞ×²ÄŞÙ½Ş¿İ¸Ş,Unbridled,½Ù°µºŞ°ÙÄŞ,Ì§Ëß±É,¶Û,¼±ÄÙ½Ù°,½Ä°ÑÊŞ°ÄŞ,Ğ½À°ÌßÛ½Íß¸À°,Le Fabuleux,Ì«ÙÃ¨É,Lucky Mel,Bold Reasoning,ÊŞ¯¸Êß»°,É°»ŞİÀŞİ»°,Nasomo
Ñ°ÌŞÕ±ÎŞÃŞ¨,,Ú²½Ş±È²Ã¨³Ş,,,,,Ğ½Ü·,Ğ½À°ÌßÛ½Íß¸À°,·°Ä©»ŞĞİÄ,Raise a Native,ÊŞ¯¸Êß»°,¸ŞÛ°½À°¸,Í²Û°,È²Ã¨³ŞÀŞİ»°,Å¼­±,Tom Fool,Princequillo,Ribot,Princequillo,Í²ÙÄ©Ø°½Şİ,É°»ŞİÀŞİ»°
Ñ¼É¼×¾,,ËÑÔ°,,,,,Great Above,Minnesota Mac,Proud Birdie,Rough'n Tumble,Intentionally,proud clarion,Big Burn,Free for All,Mustang,Intent,Better Self,Í²ÙÄ©Ø°½Şİ,Bolero,Never Bend,Better Bee
Ñ¯Á¬ÎØÃŞ²,,Ú²½Ş±È²Ã¨³Ş,,,,,·İ¸ŞÏİÎŞ,Ğ½À°ÌßÛ½Íß¸À°,´°Ëß°²İÃŞ¨,Raise a Native,ÇÚ²´Ì,¼±ÄÙ½Ù°,King's Bishop,È²Ã¨³ŞÀŞİ»°,Å¼­±,É°»ŞİÀŞİ»°,Prove Out,Bold Reasoning,¾¸ÚÀØ±Ä,×³İÄŞÃ°ÌŞÙ,The Axe
Ò²¸·¬×ÒÙ,,ÎŞ°ÙÄŞÙ°×°,,,,,Avenue of Flags,¼±ÄÙ½Ù°,Youth,Bold Reasoning,Pass the Glass,±¸±¸,É°»ŞİÀŞİ»°,Boldnesian,Poker,ÊŞ¯¸Êß»°,Bold Bidder,Battle Joined,Dark Star,Nearctic,Eight Thirty
Ò²ËŞ°±²,,É°»ŞİÀŞİ»°,,,,,É°»ŞİÃ°½Ä,É°»ŞİÀŞİ»°,ÃŞ¨¸À½,Nearctic,Victoria Park,Sanctus,Princely Gift,È±Ùº,È²Ã¨³ŞÀŞİ»°,Chop Chop,Ê²ÍßØµİ,Fine Top,Worden,Nasrullah,Prince Chevalier
Ò²ÌßÙ¶×°,,Í²ÙÄ©Ø°½Şİ,,,,,Benny the Dip,¼Ù³Ş§°Î°¸,ØÌ§°Ù,ÛÍŞÙÄ,±¸±¸,É°»ŞİÀŞİ»°,¾¸ÚÀØ±Ä,Í²ÙÄ©Ø°½Şİ,±ÒØºŞ,Battle Joined,Never Bend,Nearctic,º°ÄÏ°¼¬Ù,ÎŞ°ÙÄŞÙ°×°,Val de Loir
Ò¸ŞÆ±İÄŞØ±,,Ì§²İÄ¯Ìß,,,,,»¯¶°ÎŞ°²,ÃŞ¨¸À½,ÌŞ×²±İ½ŞÀ²Ñ,Sanctus,É°»ŞİÃ°½Ä,ÛÍŞÙÄ,¼Ş®İÃ¨µİÌŞÙ,Fine Top,Worden,É°»ŞİÀŞİ»°,Princely Gift,Í²ÙÄ©Ø°½Şİ,¸ŞÛ°½À°¸,No Mercy,³ŞªİÁ±
Ò¸ŞÛÃ²µ³,,È³Ş§°ÍŞİÄŞ,,,,,ÀŞÙ¼¬°İ,¼¬°Ø°Ê²Â,L'Emigrant,ĞÙØ°Ì,Abdos,»ŞĞİ½ÄÚÙ,Prove Out,Never Bend,Ê°ÃŞ¨¶Ç°Ä,Arbar,³ŞªİÁ±,É°»ŞİÀŞİ»°,³Şª²¸ŞØ°É°ÌŞÙ,¸ŞÛ°½À°¸,Sanctus
Ò¼Ş¬°´İÌŞÚÑ,,Í²ÙÄ©Ø°½Şİ,,,,,ÀŞ²ÜÒ¼Ş¬°,»İÃŞ°»²Úİ½,µÍß×Ê³½,Í²Û°,É°»ŞİÃ°½Ä,»ÄŞ×°½Ş³ªÙ½Ş,Ú²İÎŞ³¸´½Ä,Í²ÙÄ©Ø°½Şİ,±İÀŞ°½ÀİÃŞ¨İ¸Ş,É°»ŞİÀŞİ»°,¸ØÑ¿Şİ»Àİ,É°»ŞİÀŞİ»°,Ê²Ä¯Ìß,ÌŞ×¯¼İ¸Ş¸ŞÙ°Ñ,Polish Precedent
Ò¼ŞÛµ°Û×,,ÌŞÚÆÑ,,,,,ØÏİÄŞ,±Ù»²ÄŞ,ËİÄŞ½Àİ,Alycidon,Palestine,Bois Roussel,ÎŞ½ÄÆ±İ,Donatello,King Salmon,Fair Trial,Chanteur,Vatout,Solario,¾ÌÄ,Œ—F
Ò¼ŞÛÄŞ°ÍŞÙ,,É°»ŞİÀŞİ»°,,,,,Ò¼ŞÛ×²±İ,±İÊŞ°¼¬ÀŞ²,Êß°¿Ûİ,É°»ŞİÃ°½Ä,Ò¼ŞÛ»İÏİ,Ï²Ø°¼Ş¬İ,È³Ş§°ËŞ°Ä,É°»ŞİÀŞİ»°,Ambiopoise,Charlottesville,½É¯ÌŞ,My Babu,Pharis,Never Say Die,ÓİÀ³Ş§Ù
Ò¼ŞÛÌ×İ¼½,,É°»ŞİÀŞİ»°,,,,,¶°È·Ş°,»ÄŞ×°½Ş³ªÙ½Ş,Ó¶ŞĞ,É°»ŞİÀŞİ»°,Ø³Ş§°Ïİ,ØÌ§°Ù,Ì¨ÃŞ¨µİ,Nearctic,Bold Reason,Never Bend,Sunny Boy,É°»ŞİÀŞİ»°,Lucky Debonair,Djakao,ÓİÀ³Ş§Ù
Ò¼ŞÛ×Ó°Ç,,É°»ŞİÀŞİ»°,,,,,Ó¶ŞĞ,ØÌ§°Ù,È³Ş§°ËŞ°Ä,É°»ŞİÀŞİ»°,Lucky Debonair,Never Say Die,Khaled,Nearctic,º°ÄÏ°¼¬Ù,Vertex,Palestinian,Nasrullah,Big Game,Ê²ÍßØµİ,War Relic
Ò¿ŞİÌ«ÙÃ¨°,,É°»ŞİÀŞİ»°,,,,,½Ä°Ñ·¬¯Ä,½Ä°ÑÊŞ°ÄŞ,ÀŞÏ½¶½,É°»ŞİÀŞİ»°,¾¸ÚÀØ±Ä,¿°ÄŞÀŞİ»°,Acropolis,Nearctic,New Providence,ÎŞ°ÙÄŞÙ°×°,¸ØÑ¿Şİ»Àİ,Sunglow,My Babu,Donatello,Mossborough
ÒË®³ÌŞ×½À°,,Ú¯ÄŞºŞ¯ÄŞ,,,,,Ï³İÄØÊŞ°Ó±,ÌŞ×¯¼İ¸Ş¸ŞÙ°Ñ,±ØÀŞ°,Red God,¸ØÑ¿Şİ»Àİ,Raise a Native,³Ş§²½Ø°¼ŞªİÄ,Nasrullah,Ü²ÙÄŞØ½¸,Spy Song,Reneged,È²Ã¨³ŞÀŞİ»°,On-and-On,É°»ŞİÀŞİ»°,Quadrangle
ÒÓØ°¸Û¯¸,,É°»ŞİÀŞİ»°,,,,,¼Ş¬²±İÂº°½Ş³ª²,½Ä°Ñ·¬¯Ä,¼±ÄÙ½Ù°,½Ä°ÑÊŞ°ÄŞ,×°²,Bold Reasoning,Ìß×²³Şª°Ä±¶³İÄ,É°»ŞİÀŞİ»°,¾¸ÚÀØ±Ä,ÌŞ×¯¼İ¸Ş¸ŞÙ°Ñ,ÛÍŞÙÄ,Boldnesian,Poker,ÀŞÏ½¶½,»ŞĞİ½ÄÚÙ
ÒÓØ°Ú°İ,,È³Ş§°ÍŞİÄŞ,,,,,Never Bend,Nasrullah,Princequillo,È±Ùº,Djeddah,Prince Rose,Count Fleet,Pharos,Blenheim,Djebel,Bimelech,Rose Prince,Papyrus,Reigh Count,Ê²ÍßØµİ
Ó°À°ÌŞÚ²¶°,,Ê²ÍßØµİ,,,,,¾²³İ½¶²,¼ªØÌ½Ş½À°,Majestic Light,Îß¯¾,ĞÙ¼Ş®°¼Ş,Ï¼Şª½Ã¨¯¸ÌßØİ½,ÀŞİÁË,Ì«ÙØ,¶×Ñ°İ,ĞÙØ°Ì,Ó¶ŞĞ,Raise a Native,Ribot,É°»ŞİÀŞİ»°,Le Fabuleux
Ó±±Á°ÌŞÒİÄ,,Ú¯ÄŞºŞ¯ÄŞ,,,,,Cherokee Run,Runaway Groom,Unbridled,ÌŞ×¯¼İ¸Ş¸ŞÙ°Ñ,Silver Saber,Ì§Ëß±É,Bold Forbes,Red God,Call the Witness,Drone,Francis S.,Ğ½À°ÌßÛ½Íß¸À°,Le Fabuleux,Irish Castle,¿°ÄŞÀŞİ»°
Ó±¸×²Ï¯¸½,,É°»ŞİÀŞİ»°,,,,,½Ä°Ñ·¬¯Ä,½Ä°ÑÊŞ°ÄŞ,Cormorant,É°»ŞİÀŞİ»°,¾¸ÚÀØ±Ä,Ë½ŞÏ¼Şª½Ã¨,²İØ±ØÃ¨,Nearctic,New Providence,ÎŞ°ÙÄŞÙ°×°,¸ØÑ¿Şİ»Àİ,Ribot,Tudor Minstrel,Intentionally,Riva Ridge
Ó½Ş¶¯Á¬İ,,É°»ŞİÀŞİ»°,,,,,Ê°ËŞİ¼Ş¬°,Dansili,·İ¸Ş¶ÒÊÒÊ,ÃŞ²İËÙ,Bering,·İ¸ŞÏİÎŞ,½Ä°ÑÌŞ°Ä,ÀŞİÁË,kahyasi,Arctic Tern,shareef dancer,Ğ½À°ÌßÛ½Íß¸À°,×½ÄÀ²¸°İ,½Ä°Ñ·¬¯Ä,Á°Ì½Ş¸×³İ
Ó½Ä¼Ş®³µ³,,Ì«ÙÃ¨É,,,,,½À°µÌŞº¼Ş°İ,º¼Ş°İ,É°»ŞØ°,¶Û,Pia Star,É°»ŞİÀŞİ»°,Ã½ºÎŞ°²,Ì«ÙÃ¨É,Prince John,Olympia,Fleet Nasrullah,Nearctic,±ÒØºŞ,Princely Gift,ÓİÀ³Ş§Ù
ÓÜ¿Ú²Õ,,É°»ŞİÀŞİ»°,,,,,Æ¯Îß°Ã²µ°,Ø²Ì«°,ÔÏÆİ½·°,ØÌ§°Ù,×ÊŞ°¼Ş®İ,Æ¼Şİ½·°,Êß°¿Ûİ,É°»ŞİÀŞİ»°,Sing Sing,ÀŞÏ½¶½,Êß°¿Ûİ,É°»ŞİÀŞİ»°,ÊŞ¯¸Êß»°,Ï²Ø°¼Ş¬İ,¾İÄÊßÃŞ¨
ÕÒÉÊ¼ŞÏØ,,Í²ÙÄ©Ø°½Şİ,,,,,»İÃŞ°»²Úİ½,Í²Û°,¾¸ÚÀØ±Ä,Í²ÙÄ©Ø°½Şİ,±İÀŞ°½ÀİÃŞ¨İ¸Ş,ÎŞ°ÙÄŞÙ°×°,Nervous Energy,Turn-to,Cosmic Bomb,Promised Land,Montparnasse,Nasrullah,Princequillo,Roman Line,Father John
Ö|¸ÀŞØ±,,É°»ŞİÀŞİ»°,,,,,ÀŞİ¼İ¸ŞÌŞÚ°³Ş,ØÌ§°Ù,Ø³ŞØ±,É°»ŞİÀŞİ»°,Drone,Ø³Ş§°Ïİ,Ï¸ŞÆÃ­°ÄŞ,Nearctic,º°ÄÏ°¼¬Ù,Sir Gaylord,Pago Pago,Never Bend,³Şª²¸ŞØ°É°ÌŞÙ,ĞÙØ°Ì,²°¸ŞÙ
Ö²ÉÕ·ÔÅ·Ş,,É°»ŞİÀŞİ»°,,,,,ÀŞ²Å¶ŞØÊŞ°,É°»ŞİÃ°½Ä,Ä×²ÊŞÙÁ°Ì,É°»ŞİÀŞİ»°,ÊŞ³İÃ¨±½,Princely Gift,Ì§×ÓİÄŞ,Nearctic,Victoria Park,Rockefella,Correlation,Nasrullah,Petition,Sicambre,×²¼Şİ¸ŞÌÚ°Ñ
ÖÛºËŞÉ³À,,Ï²ÊŞÌŞ°,,,,,Ò¼ŞÛÏ¯¸²°İ,Ò¼ŞÛÃ¨À°İ,ÌßÙ×Ø½ŞÑ,Ò¼ŞÛ±»Ï,ØÏİÄŞ,»ŞĞİ½ÄÚÙ,Ä×²ÊŞÙÁ°Ì,Êß°¿Ûİ,½É¯ÌŞ,±Ù»²ÄŞ,ËİÄŞ½Àİ,É°»ŞİÀŞİ»°,ÛÍŞÙÄ,Princely Gift,×°¸½Êß°
×²ÄÌŞÛ¯»Ñ,,Ìª±Ä×²±Ù,,,,,Lord at War,General,¼¬°×½ÀÆ,ÌŞØ¶ŞÃŞ¨±¼Şª×°ÄŞ,Con Brio,Æ¼Şİ½·°,Ø³Ş§°Ïİ,Queen's Hussar,Pan,Ribot,Atlas,É°»ŞİÀŞİ»°,Thatch,Never Bend,Ê²Ê¯Ä
×²İ¼­¼­,,É°»ŞİÀŞİ»°,,,,,Ò¼ŞÛ×²±İ,±İÊŞ°¼¬ÀŞ²,Lomond,É°»ŞİÃ°½Ä,Ò¼ŞÛ»İÏİ,É°»ŞİÀŞİ»°,Ê°ÄŞÂ°ËŞ°Ä,É°»ŞİÀŞİ»°,Ambiopoise,Charlottesville,½É¯ÌŞ,Nearctic,Poker,Ê°ÃŞ¨¶Ç°Ä,Fine Top
×½Ä½À°ÀŞ½Ä,,ÃÃŞ¨,,,,,µ¼Ş¼Ş±İ,ÀŞÏ½¶½,ÏÙ¾Şİ½·°,¿°ÄŞÀŞİ»°,Francis S.,Æ¼Şİ½·°,ÎŞ°ÙÄŞØ¯¸,Sunglow,My Babu,Royal Charger,Correlation,É°»ŞİÀŞİ»°,ÊŞ¯¸Êß»°,×³İÄŞÃ°ÌŞÙ,Whistler
×½Ä½Ëß±°,,É°»ŞİÀŞİ»°,,,,,½Ä×³Ş¨İ½·°,ÇÚ²´Ì,¿³ÙµÌŞ»ŞÏÀ°,É°»ŞİÀŞİ»°,ÌŞ×¯¼İ¸Ş¸ŞÙ°Ñ,Private Terms,²ÌŞİÍŞ²,Nearctic,Ì«ÙØ,Red God,Ğ½À°ÌßÛ½Íß¸À°,Ìß×²³Şª°Ä±¶³İÄ,T.V.Commercial,ĞÙØ°Ì,Ó¶ŞĞ
×½ŞÍŞØ°Ú¯ÄŞ,,É°»ŞİÀŞİ»°,,,,,´Ø¼µ,Ìª±Ø°·İ¸Ş,Spectacular Bid,É°»ŞİÀŞİ»°,Slewpy,Bold Bidder,Solo Landing,Nearctic,Bold Reason,¼±ÄÙ½Ù°,Val de l'Orne,ÎŞ°ÙÄŞÙ°×°,Promised Land,First Landing,È²Ã¨³ŞÀŞİ»°
×Ì¨±İ,,ÎŞ°ÙÄŞÙ°×°,,,,,Reviewer,ÎŞ°ÙÄŞÙ°×°,È²Ã¨³ŞÀŞİ»°,Nasrullah,Hasty Road,Polynesian,Fighting Fox,È±Ùº,Discovery,Roman,Challedon,Unbreakable,Discovery,Sir Gallahad,Transmute
×Ìµ°¼¬İ,,Ì§²İÄ¯Ìß,,,,,Ğ½À°ÌŞ×İÃŞ¨,ÃŞ¨¸À½,ÄĞ¼ÉÎßÙİ¶Ş,Sanctus,¶Ş°»İÄ,»İµ°²,Óİ½Ş°İ,Fine Top,Worden,Bubbles,Sunny Boy,ØÏİÄŞ,Ìª°ÄÒ°¶°,Konigsstuhl,»Ù½
×ÌŞºÈ¸¼®İ,,É°»ŞİÀŞİ»°,,,,,ÇÚ²´Ì,É°»ŞİÀŞİ»°,Hostage,Nearctic,Ì«ÙØ,Æ¼Şİ½·°,³Şª²¸ŞØ°É°ÌŞÙ,È±Ùº,È²Ã¨³ŞÀŞİ»°,Aristophanes,Nantallah,É°»ŞİÀŞİ»°,Val de Loir,³Ş¨´Å,Never Bend
×ÌŞ½²°Â,,Ú²½Ş±È²Ã¨³Ş,,,,,Ğ½À°ÌßÛ½Íß¸À°,Raise a Native,¿°ÄŞÀŞİ»°,È²Ã¨³ŞÀŞİ»°,Å¼­±,Sunglow,Whirlaway,Polynesian,Case Ace,Nasrullah,Count Fleet,Sun Again,By Jimminy,Blenheim,Display
×ÌŞÌÚ²Ô,,Ì«ÙÃ¨É,,,,,ºŞ°ÙÃŞİÌª»ŞİÄ,¶Û,±Û°´¸½ÌßÚ½,Ì«ÙÃ¨É,×³İÄŞÃ°ÌŞÙ,½ÊßÆ¯¼­²¸½ÌßÚ½,Ñ°Ã¨´,Grey Sovereign,Chamossaire,Princequillo,T.V.Lark,Sovereign Path,Airborne,Sicambre,Ä»ĞÄŞØ
×Ù¼Ş­Ò°Ù,,Ï²ÊŞÌŞ°,,,,,³²İÄŞÌ¨°Ù½Ş,³²İ»Ş°É¯Ä,»İÃŞ°»²Úİ½,Êß°¿Ûİ,±Ú¯¼ŞÄŞ,Í²Û°,Argument,Ï²Ø°¼Ş¬İ,Bald Eagle,Hoist the Flag,Olden Times,Í²ÙÄ©Ø°½Şİ,±İÀŞ°½ÀİÃŞ¨İ¸Ş,Kautokeino,³Ş§²½Ø°¶ŞÙ
×Û°½ŞÌŞ×İ¼­,,Ìª±³ª²,,,,,±²×İÄŞÎÜ°Ù,Pago Pago,Ë½ŞÏ¼Şª½Ã¨,Matrice,Your Alibhai,Ribot,Native Charger,Masthead,Abbots Fell,±ØÊŞ²,È²Ã¨³ŞÀŞİ»°,Tenerani,±ØÊŞ²,È²Ã¨³ŞÀŞİ»°,Warfare
×İÀŞİÌßÚ°,,Ú²½Ş±È²Ã¨³Ş,,,,,Grand Slam,ºŞ°İ³ª½Ä,¸Ø½´½,Ğ½À°ÌßÛ½Íß¸À°,´Ù¸Ş×İ¾Æ®°Ù,ÛÍŞÙÄ,Cyane,Raise a Native,¾¸ÚÀØ±Ä,É°»ŞİÀŞİ»°,·°Ä©»ŞĞİÄ,Í²ÙÄ©Ø°½Şİ,Princequillo,Turn-to,ÀŞÏ½¶½
Ø¸´½Ä×İ,,ÎŞ°ÙÄŞÙ°×°,,,,,´°Ëß°²İÃŞ¨,¼±ÄÙ½Ù°,Geiger Counter,Bold Reasoning,¾¸ÚÀØ±Ä,Ğ½À°ÌßÛ½Íß¸À°,±²Ø¯¼­Ø³Ş§°,Boldnesian,Poker,ÎŞ°ÙÄŞÙ°×°,ÊŞ¯¸Êß»°,Raise a Native,Nantallah,Ø³Ş§°Ïİ,É°»ŞİÀŞİ»°
Ø½¸Ş×¼­°,,Í²ÙÄ©Ø°½Şİ,,,,,Ê°Â¸×²,»İÃŞ°»²Úİ½,±ÒØ¶İÎß½Ä,Í²Û°,ÄÆ°ËŞİ,Bering,Miller's Mate,Í²ÙÄ©Ø°½Şİ,±İÀŞ°½ÀİÃŞ¨İ¸Ş,¶İÊß×,ØÌ§°Ù,Arctic Tern,»ÄŞ×°½Ş³ªÙ½Ş,ĞÙØ°Ì,ØÌ§°Ù
Ø¿Ş°Ä±¯¼­,,ÃÃŞ¨,,,,,µ¼Ş¼Ş±İ,ÀŞÏ½¶½,ÛÍŞÙÄ,¿°ÄŞÀŞİ»°,Francis S.,Í²ÙÄ©Ø°½Şİ,Pronto,Sunglow,My Babu,Royal Charger,Correlation,Turn-to,Å¼­±,Timor,Princequillo
ØÄÙÀŞ°Ñ,,É°»ŞİÀŞİ»°,,,,,Grand Lodge,Á°Ì½Ş¸×³İ,Thatching,ÀŞİÁË,ÊËŞÀ¯Ä,Thatch,ÊŞ½Ã¯ÄŞ,É°»ŞİÀŞİ»°,¾¸ÚÀØ±Ä,Sir Gaylord,Tudor Melody,Ì«ÙØ,Abernant,¸ÚÍßÛ,Queen's Hussar
ØÄÙÄ©Ù°½,,Í²ÙÄ©Ø°½Şİ,,,,,Ì¼Ş·¾·,»İÃŞ°»²Úİ½,É°»ŞİÃ°½Ä,Í²Û°,Le Fabuleux,É°»ŞİÀŞİ»°,Ì§°»Ş°½Ş²Ò°¼Ş,Í²ÙÄ©Ø°½Şİ,±İÀŞ°½ÀİÃŞ¨İ¸Ş,Ü²ÙÄŞØ½¸,²İØ±ØÃ¨,Nearctic,Victoria Park,Swaps,French Beige
ØÊŞÃ¨°¹Ş°Ä,,Ú²½Ş±È²Ã¨³Ş,,,,,Dare and Go,±ØÀŞ°,´İÍßØ°,Raise a Native,¾¸ÚÀØ±Ä,³Şª²¸ŞØ°É°ÌŞÙ,Gray Phantom,È²Ã¨³ŞÀŞİ»°,On-and-On,ÎŞ°ÙÄŞÙ°×°,Nearctic,³Ş¨´Å,Postin,Ambiorix,Liberal Art
ØÎŞİ¼ÄÛİ,,È³Ş§°ÍŞİÄŞ,,,,,»³½±Ä×İÃ¨¯¸,ĞÙØ°Ì,±Îß¯½Ù,Never Bend,Ribot,Blue Peter,Never Say Die,Nasrullah,Princequillo,Tenerani,Dedicate,Fairway,Flag of Truce,Nasrullah,Ê²ÍßØµİ
Ø­Ğ´°ÙÚ²İ,,ÎŞ°ÙÄŞÙ°×°,,,,,Slewpy,¼±ÄÙ½Ù°,Val de l'Orne,Bold Reasoning,Prince John,Val de Loir,Cutlass,Boldnesian,Poker,Princequillo,Mr.Music,Vieux Manoir,Armistice,ÀŞÏ½¶½,Hasty Road
Ù°½ŞÕ±¾ÙÌ,,Ú²½Ş±È²Ã¨³Ş,,,,,Grindstone,Unbridled,½Ä°Ñ·¬¯Ä,Ì§Ëß±É,Drone,½Ä°ÑÊŞ°ÄŞ,Great Nephew,Ğ½À°ÌßÛ½Íß¸À°,Le Fabuleux,Sir Gaylord,chateaugay,É°»ŞİÀŞİ»°,¾¸ÚÀØ±Ä,Honeyway,Le Fabuleux
Ù°ÄµÌŞÊ°Ä,,Ì§×Ø½,,,,,Sham,Pretense,ÊŞ½Ã¯ÄŞ,Endeavour,Princequillo,¸ÚÍßÛ,Ballymoss,British Empire,Ê²ÍßØµİ,Prince Rose,Sickle,Donatello,³Ş¨Ğ°,Mossborough,The Phoenix
Ù²°¾Ş,,ÃÃŞ¨,,,,,¸ØÊŞÛİ,À¸×Ï¶İ,½Ã¨İÃ¨É,ÀŞÏ½¶½,ÎŞ²½Ş¨°ÎŞ°²,Sheshoon,¶Ş°»İÄ,¿°ÄŞÀŞİ»°,Å¼­±,King's Troop,Ã¨´ÎßÛ,Precipitation,Grey Sovereign,Bubbles,¿ÛÅ³ª°
Ù²İ½ŞØ°Ìß,,ÌßØİ½Û°½Ş,,,,,Ò¼ŞÛÊß°Ï°,Ò¼ŞÛ²°¸ŞÙ,±²È½Ì³¼Şİ,Ò¼ŞÛ»İÏİ,¹Ş²Ò¾İ,¼°Î°¸,¼Ş¬¯¼Ş¬°,Charlottesville,Khaled,³Şª²¸ŞØ°É°ÌŞÙ,ØÌ§°Ù,´ÙÊŞ¼Şª,Ã½ºÎŞ°²,ÀŞÏ½¶½,ÊŞ¯¸½Ä¯Êß°
ÙÅ±Ø½,,È³Ş§°ÍŞİÄŞ,,,,,ĞÎÉÌŞÙÎŞİ,Ï¸ŞÆÃ­°ÄŞ,ĞÎ¼İ»Şİ,ĞÙØ°Ì,¼¬Ú°,¼İ»Şİ,¸Ş¯ÄŞØ°,Never Bend,¾İÄ¸Ú½Ëßİ,Ø­Ã¨´,Õ±Ê²È½,ËİÄŞ½Àİ,Ñ°Ã¨´,½É¯ÌŞ,Grey Sovereign
Ú²±İÀÚ½,,Í²ÙÄ©Ø°½Şİ,,,,,ÏİÊ¯Àİ¶Ìª,»İÃŞ°»²Úİ½,ÑÄÄ,Í²Û°,Law Society,ÊŞ½Ã¯ÄŞ,ÊËŞÀ¯Ä,Í²ÙÄ©Ø°½Şİ,±İÀŞ°½ÀİÃŞ¨İ¸Ş,±Ú¯¼ŞÄŞ,Luciano,¸ÚÍßÛ,Ğİ¼µ,Sir Gaylord,Kashmir
Ú¯ÄŞØ³Şª°Ù,,Í²ÙÄ©Ø°½Şİ,,,,,½Ã²ºŞ°ÙÄŞ,»İÃŞ°»²Úİ½,Dixieland Band,Í²Û°,ÃŞ¨¸À½,É°»ŞİÀŞİ»°,Lord Gaylord,Í²ÙÄ©Ø°½Şİ,±İÀŞ°½ÀİÃŞ¨İ¸Ş,Sanctus,É°»ŞİÃ°½Ä,Nearctic,Delta Judge,Sir Gaylord,Dancing Count
ÚÃŞ¨¸ŞØ°ÄŞ,,Ú²½Ş±È²Ã¨³Ş,,,,,·İ¸ŞÏİÎŞ,Ğ½À°ÌßÛ½Íß¸À°,Fabulous Dancer,Raise a Native,ÇÚ²´Ì,É°»ŞİÀŞİ»°,Kaldoun,È²Ã¨³ŞÀŞİ»°,Å¼­±,É°»ŞİÀŞİ»°,Prove Out,Nearctic,The Axe,¶Û,Carvin
Û°ÄŞ¾ÚÅ°ÃŞ,,É°»ŞİÀŞİ»°,,,,,´Ø¼µ,Ìª±Ø°·İ¸Ş,Ğ½À°ÌßÛ½Íß¸À°,É°»ŞİÀŞİ»°,Slewpy,Raise a Native,±ØÀŞ°,Nearctic,Bold Reason,¼±ÄÙ½Ù°,Val de l'Orne,È²Ã¨³ŞÀŞİ»°,Å¼­±,Raise a Native,Bold Bidder
Û±ºİÁªÙİ,,É°»ŞİÀŞİ»°,,,,,Belong to Me,ÀŞİÁË,¼Ù³Ş§°Î°¸,É°»ŞİÀŞİ»°,Exclusive Native,ÛÍŞÙÄ,±°Â±İÄŞÚÀ°½Ş,Nearctic,Admiral's Voyage,Raise a Native,Í²ÙÄ©Ø°½Şİ,Í²ÙÄ©Ø°½Şİ,±ÒØºŞ,Ribot,Cavan
Û²ÔÙËŞ¯Ã,,Ú²½Ş±È²Ã¨³Ş,,,,,ÌŞ×¯¸À²±Ìª±°,Ğ½Ü·,Law Society,Ğ½À°ÌßÛ½Íß¸À°,Al Hattab,±Ú¯¼ŞÄŞ,½Ä°ÑÊŞ°ÄŞ,Raise a Native,ÊŞ¯¸Êß»°,The Axe,Bold Commander,Hoist the Flag,Boldnesian,É°»ŞİÀŞİ»°,×³İÄŞÃ°ÌŞÙ
Û¼Ş¶Ù¼İ·İ¸Ş,,ÃÃŞ¨,,,,,Ìß×²³Şª°Ä±¶³İÄ,ÀŞÏ½¶½,ÀŞİÁË,¿°ÄŞÀŞİ»°,ÊŞ¯¸Êß»°,É°»ŞİÀŞİ»°,»°±²³Ş§°,Sunglow,My Babu,Tom Fool,Swaps,Nearctic,Admiral's Voyage,Sir Gaylord,Never Bend
ÛÏÆÛ°½Ä,,È³Ş§°ÍŞİÄŞ,,,,,Êß×ÀŞ²½¸Ø°¸,±²Ø¯¼­Ø³Ş§°,¼±ÄØ¶Ù,Ø³Ş§°Ïİ,Northfields,ÇÚ²´Ì,ºŞ°İ³ª½Ä,Never Bend,Klairon,É°»ŞİÀŞİ»°,»»Ì×,É°»ŞİÀŞİ»°,»»Ì×,Ğ½À°ÌßÛ½Íß¸À°,É°»ŞİÀŞİ»°
ÛÒ°×½,,Ì§Ø½,,,,,½ÄÚ¯ÁÜİ,¼ŞÖİÃŞº°Ñ,Ì»²ÁÍß¶Ş»½,Moulton,µİØ°Ì«±×²Ì,Ğ½À°ÌßÛ½Íß¸À°,À²ÑÌ«°±Áªİ¼Ş,Pardao,Ennis,Chanteur,Ë¶ÙÒ²¼Ş,Raise a Native,ÀŞİÁË,ÀŞÏ½¶½,Í²Û°
Ü°ÙÄŞÀ²Ñ½,,ÌŞÚÆÑ,,,,,ÑÄÄ,ÊŞ½Ã¯ÄŞ,ÊËŞÀ¯Ä,¸ÚÍßÛ,Ğİ¼µ,Sir Gaylord,Kashmir,Donatello,³Ş¨Ğ°,Relic,Alycidon,Turn-to,Occupy,Tudor Melody,Prince Taj
ÜİÁ¬İÊ¼ÙÃŞ,,Í²ÙÄ©Ø°½Şİ,,,,,»İÃŞ°»²Úİ½,Í²Û°,Kris,Í²ÙÄ©Ø°½Şİ,±İÀŞ°½ÀİÃŞ¨İ¸Ş,¼¬°Íßİ±¯Ìß,¼±ÄÙ½Ù°,Turn-to,Cosmic Bomb,Promised Land,Montparnasse,´Àİ,Ø×²±İ½,Bold Reasoning,É°»ŞİÀŞİ»°
